Phylum,4_5_0,4_5_10,4_5_11,4_5_12,4_5_13,4_5_14,4_5_4,4_5_5,4_5_6,4_5_7,4_5_8,4_5_9,7_5_0,7_5_10,7_5_11,7_5_12,7_5_13,7_5_14,7_5_4,7_5_5,7_5_6,7_5_7,7_5_8,7_5_9,CM_0,CM_10,CM_11,CM_5,CM_6,CM_7,CM_8,CM_9,LD_0,LD_10,LD_11,LD_12,LD_13,LD_4,LD_5,LD_6,LD_7,LD_8,LD_9
_unidentified,4.18173834863153e-05,0,0,0,0,0.000100916320187301,0.000685333855492461,0.000371695395623287,0,0,0,0,0,0,0,0,0,0,0.000313830979600986,0,0,0,0,0,0.000292857363050649,0.000386469037010094,0.000372386643732378,0.00455113680756309,0.00698698092554207,0.000304692260816575,0,0.000391182741017466,0.00164564855875831,0,0,0,0,0.000524581908219149,9.6041489923647e-05,0.000494902504206671,0.000142748382185002,0,0
Abditibacteriota,0,0,0,0.000104640820384032,0,0,0,0,0,0,0,0,0,0,0,0,0,0,0,0,0,0,0,0,0,0,0,0,0,0,0,0,0,0,0,0,0,0,0,0,0,0,0
Acidobacteriota,0.0621824492441508,0.0800323066191857,0.0444136795629724,0.0281658208200352,0.0214211277934309,0.0253703628950874,0.00507147053064421,0.00334525856060958,0.00915678894444132,0.0114885363306311,0.0980386119407581,0.142633986685015,0.180962112007069,0.358794384805945,0.194545610351772,0.105125038592158,0.071593625498008,0.0806052163145267,0.127034297242771,0.1643934213841,0.259495478343646,0.286678069175219,0.238448899112718,0.287578757875788,0.22964641326798,0.267618441393107,0.248647881829305,0.12229471052426,0.266506742436593,0.485751156038284,0.50498003499484,0.291959238758386,0.276365022172949,0.181659881874015,0.119176364562517,0.0844386682466267,0.0883871167161226,0.0675871330549552,0.0942487154450723,0.210976937543304,0.281832889227255,0.377318218469857,0.325643646274395
Actinobacteriota,0.219959437138018,0.0579683541980249,0.0518970291102297,0.0430248173145677,0.0355281948357714,0.0449683122754612,0.582572939103192,0.435952237141662,0.247738891073535,0.167354652608544,0.106044277488684,0.0609216349908878,0.110985308737435,0.0142256587343293,0.0189811045888856,0.0137167556124024,0.0121513944223108,0.0131762247504063,0.34732122842412,0.2687227840357,0.147120418848168,0.0798175598631699,0.0381860006572461,0.0131513151315132,0.049307931810475,0.00913885605165045,0.0122887592431685,0.153254160481288,0.0550341197568531,0.0113990751693731,0.00711113105119117,0.00976000938838578,0.0354420731707317,0.00512977386639057,0.00519180282904275,0.0050647911012576,0.00604290306627102,0.31695238894601,0.212571831031005,0.0911115510244482,0.0313094784925771,0.00284589479675568,0.0014600671630895
Alphaproteobacteria,0.0652978443138813,0.0280480193839715,0.0289979794956222,0.0241720295087113,0.0203018256204408,0.0308198441852016,0.0188760524769924,0.0126376434511917,0.0317959665187349,0.0855920823593773,0.0892939618807156,0.0416186261018336,0.053242019220148,0.0245477066286315,0.0205878572346716,0.0148193887002161,0.0138645418326693,0.0164267471557929,0.0175297018605694,0.0204052254651456,0.0498810090433127,0.08846446218168,0.0763062767006244,0.0422542254225423,0.0953173649002744,0.0421705919796308,0.0452183781675031,0.157512305648879,0.166639495074178,0.0840412947628777,0.0439005787608237,0.0443992411054824,0.0843611419068736,0.0443090100477681,0.0416127894674974,0.0301976224150453,0.0260416666666667,0.0477369536479426,0.076737150448994,0.15653766208057,0.126046821469357,0.0890290755585069,0.0478415340438994
Archaea_unidentified,0,0,0,0,0,0,0,0,0,0,0,0,0,0,0,0,0,0,0,0,0,0,0,0,0,0,0,0,0,0,0,0,0,0,0,5.7337257750086e-05,0.000170004945598417,0,0,0,0,0,0
Armatimonadota,0.00296903422752838,0.00635118763537575,0.00334879892239767,0.0017440136730672,0.00154386506619321,0.00304767286965648,0.0002545525748972,0.000418157320076198,0,0.00198935694036903,0.00634295039566462,0.0104511473946517,0.00265105489892853,0.00334059004579236,0.00122113201079738,0.00114673841132625,0.00097609561752988,0.00160591285504218,0.00109840842860345,0,0.00109471680152308,0.00223299125807678,0.0116332566546172,0.0073007300730073,0.00410000308270908,0.00295535145948895,0.00274856808469136,0.00531291507148996,0.0057293243589445,0.00483923002473384,0.00457624837363722,0.00383359086197117,0.00495426829268293,0.00143539543967809,0.00105795227459739,0.000802721608501204,0.00120548961424332,0.00113309692175336,0.001632705328702,0,0,0.00569178959351136,0.00238477636637952
Bacteroidota,0.0166224099358103,0.0108667719079261,0.105346853251515,0.183260956765901,0.20755335983635,0.127598595244823,0.000156647738398277,0,0.000112353238582102,0,0,0.000781046602447279,0.0340771015133105,0.0674874258689288,0.212112772612366,0.326092709390023,0.248565737051793,0.129556535871837,0.00047074646940148,0.000251916363767229,0.000571156592099,0.0032307107563664,0.003089056851791,0.0137513751375138,0.0176947501464287,0.0563790124579431,0.101147305516642,0.000839909367919369,0.00316743135291241,0.00308276875649711,0.00363407959082956,0.0216910829894185,0.0320121951219512,0.0303786149610561,0.0968026331256612,0.140438056649211,0.129358308605341,0.00020983276328766,0,0,0.00437761705367339,0.00545463169378172,0.0119238818318976
Bdellovibrionota,0,0,0.00301204819277108,0.000209281640768064,0.000308773013238643,0.000302748960561902,0,0,0,0,0,0.000334734258191691,0.00251297912294267,0.00108850686885369,0.00726252195895283,0.00467516429233008,0.00549800796812749,0.0043920749168021,0.0032503922887245,0.00215928311800482,0.000856734888148501,0.000617635879893577,0,0.0004000400040004,0.00135639199728722,0.00418295898881513,0.00500062064440622,7.81311039924994e-05,0.000256189300603209,0.000358461483313618,0.0012337924536767,0.0034424081209537,0.00219997228381375,0.00451796597406876,0.0125778770424356,0.00858147624326287,0.00309099901088032,0.000167866210630128,0,0,0,0,0.000778702486981068
Campylobacterota,0,0,0,0,0,0,0,0,0,0,0,0,0,0,0,4.4105323512548e-05,0,0,0,0,0,0,0,0,0,0,0,0,0,0,0,0,0,0,0,0,0,0,0,0,0,0,0
Chloroflexi,0.223723001651787,0.251881493446896,0.14974182444062,0.0901306266241127,0.0715002508780733,0.0781092318249707,0.308439396906207,0.428332481531385,0.444525588450087,0.266921967474014,0.218585460479724,0.266336891434522,0.127388710924555,0.09755273628106,0.0506662667637859,0.0245666651964892,0.0185458167330677,0.0246884916028171,0.24034969737727,0.230971317522583,0.193907663017611,0.129323451159255,0.061715412421952,0.0896589658965897,0.0942384167206141,0.0313949258888788,0.0324685687939993,0.26000078131104,0.104897873628805,0.0421729935118472,0.0377989142626408,0.043851585268058,0.0711439855875831,0.148904628562016,0.100623016339485,0.0349375023890524,0.0333209693372898,0.237593637870617,0.197701407007827,0.13426704939127,0.0601922344880091,0.0471469904662524,0.127415194432277
Crenarchaeota,0.0408346749743869,0.0323066191857263,0.12807752750131,0.18634786096723,0.191034003628083,0.253421063254349,7.83238691991384e-05,0,0,0.00706221713831004,0.0154263016904271,0.0088518614944025,0.0555340771015133,0.0346820809248555,0.0872573803504863,0.180721563092665,0.35296812749004,0.489145576967727,0.000112082492714638,0,0,0,0,0.0045004500450045,0.1046271463362,0.190210966627262,0.219052010001241,0.0590085162903352,0.148193865430747,0.132505287306879,0.121853829243124,0.173606900463552,0.159333425720621,0.0873002800197661,0.250519180282904,0.495030770994993,0.544788575667656,0.000398682250246553,0.00049621436460551,0.00806691081856874,0.0569566044918158,0.0458663378077124,0.0308074171411885
Cyanobacteria,0.00413992096514521,0.000991225815925695,0.0126468607348649,0.0204398402483475,0.0390211895480335,0.0776450167521091,0,0,0,0,0.000153955106690889,0,0.00182260024301337,0.000900833270775467,0.00985474956082094,0.0125038592158073,0.0099402390438247,0.0144725640430307,0,0,0,0,0,0,0.00135639199728722,0.00136400836591798,0.00147181387760892,0,0,0,0.000112162950334246,0.000743247207933186,0.00053700110864745,0.00472974562910323,0.00474119352689942,0.00236993998700356,0.00361646884272997,0,4.80207449618235e-05,0,0,0,0.00136272935221687
Dadabacteria,0,0,0,0,0,0,0,0,0,0,0,0,0,0,0,0,0,0,0,0,0,0,0,0,0.00517895126236937,0,0.000177326973205894,0,0,0,0,0.0002933870557631,0,0.0469915523448714,0.0460601073625642,0.0103589312335155,0.00599653808110781,0.00020983276328766,0,0,0,0.000284589479675568,0.00447753930014114
Dependentiae,8.36347669726305e-05,0.000110136201769522,0.000767043328593879,0.00204049599748862,0.00237369253927207,0.00175594397125903,0,0,0,0,0,0,0,0,0.000342773897767685,0.00156573898469545,0.00223107569721116,0.00176069963625106,0,0,0,0,0,0,0,0.00511503137219242,0.0136541769368539,0,0,0,4.48651801336982e-05,0.00123222563420502,0.00237319844789357,7.05932183448243e-05,0.00295834802711492,0.0080654409235121,0.0058574431256182,0,0,0,0,0,0
Desulfobacterota,0,0,0,0,0.000154386506619321,0,0.000156647738398277,0,0,0,0,0,0.00182260024301337,0.000600555513850311,0.00134967222246026,0.000352842588100384,0.000119521912350598,0.000619147124835539,0.00363147276395427,0.00388670961240868,0.00157068062827225,0,0,0,0.00722895280372391,0.0120942075111394,0.00991257780220949,0.000234393311977498,0.00165358548571162,0.00494676846972793,0.0113733231638925,0.0183464705537192,0.00990853658536585,0.0139539261594936,0.019043140942753,0.00619242383700929,0.00205551434223541,0.0127997985605472,0.0131256702895651,0.00539443729585272,0.00347354396650171,0,0.00442887039470482
Elusimicrobiota,0,0,0.000130958617077004,0,0,0,0,0,0,0,0,0,0.000911300121506683,0.00176413182193529,0.00347058571489781,0.00134521236713271,0.000637450199203187,0.00030957356241777,0,0,0,0,0,0.0012001200120012,0.00181879835999877,0.00170501045739747,0.0020215274945472,0.00144542542386124,0.00526352563057503,0.00324407642398824,0.00197406792588272,0.00217106421264694,0.00441726718403548,0.00748288114455138,0.00593628776301869,0.00107029547800161,0.00132912957467854,0.000125899657972596,0.000128055319898196,0,0,0,0.00695965347739329
Entotheonellaeota,0,0,0,0,0,0,0,0,0,0,0,0,0.000276151551971722,0.000563020794234667,0,0.00011026330878137,0.000199203187250996,0.000193483476511106,0.000381080475229769,0,0,0,0.00249753532697995,0,0,0,0,0,0,0,0,0,0,0,0,0,0,0,0,0,0,0,0
Eukaryota_unidentified,0,0,0,0,0,0,0,0,0,0,0,0,0,0,0,0,3.98406374501992e-05,0,0,0,0,0,0,0,0,0,0,0,0,0,0,0,0,0,0,0,0,0,0,0,0,0,0
Euryarchaeota,0,0,7.48334954725735e-05,0,0,0,0,0,0,0,0,0,0,0,6.42701058314409e-05,0.000154368632293918,0,0,0,0,0,0,0,0,0,0.000500136400836592,0.00189739861330307,0,0,0,6.72977702005474e-05,0.000136913959356113,0.000727549889135255,0,0,0.000152899354000229,0.000278189910979228,0,0,0,0,0,0
FCPU426,0.000459991218349468,0,0.000299333981890294,0.000348802734613439,0,0,0,0,0,0,0,0,0.000469457638351928,0.00412881915772089,0.00278503791936244,0.0011908437348388,0.000378486055776892,0,0,0,0,0,0.000328623069339468,0.0017001700170017,0.00300564135762508,0.0062289715376921,0.00505381873636799,0.000273458863973748,0.000535668537624892,0.000448076854142022,0.0011440620934093,0.004322569288243,0.00226926274944568,0.0138833329411488,0.0195133419536852,0.00495011658575743,0.00205551434223541,0.000251799315945192,0,0,0,0.000806336859080776,0.00228743855550689
Fibrobacterota,0,0,0,0,0.000154386506619321,0,0,0,0,0,0,0,0.000662763724732133,0.00112604158846933,0.00535584215262008,0.00538084946853085,0.00342629482071713,0.00121894590201997,0,0,0,0,0,0.0001000100010001,0.000323684453898086,0.000113667363826498,0,5.85983279943746e-05,0,0,0,0,3.46452328159645e-05,0.00103536720239076,0.000215508796677246,0.000172011773250258,7.72749752720079e-05,0,0,0,0,0,0
Firmicutes,0.0158069709578272,0.045963508205147,0.133091371697972,0.220844451420499,0.257227218341117,0.209340814596537,0.000959467397689446,0.00055754309343493,0.000168529857873153,0,0.0024940727283924,0.00691784133596162,0.00977576493979896,0.0165528113504992,0.0757530314066584,0.113659418691836,0.140398406374502,0.104326290534788,0.00116565792423223,0.000431856623600964,0,0.000665146332193082,0,0,0.000477819908135269,0.000863871965081386,0.00132995229904421,0,0.000116449682092368,0.000286769186650894,0.000583247341738077,0.000312946192813973,0.000242516629711752,0.000211779655034473,0.00348732416441362,0.00582928787125874,0.00701656775469832,0.000230816039616426,0,0,0,0.000853768439026704,0
Fusobacteriota,0,0,0,0,0,0,0,0,0,0,0,0,0,0,0,0,0,7.73933906044424e-05,0,0,0,0,0,0,0,0,0,0,0,0,0,0,0,0,0,0,0,0,0,0,0,0,0
GAL15,0,0,0,0,0,0,0,0,0,0,0,0,0.000386612172760411,0,0.000214233686104803,0.000264631941075288,0,0.000193483476511106,0.000179331988343421,0.000683772987368194,0.000618752974773917,0,0,0,0,0,0.000141861578564715,0.0028322525197281,0.000535668537624892,0.000232999964153852,0,0,0.000450388026607539,0,0,0,0,0,0,0,0,0,0
Gammaproteobacteria,0.135300144269973,0.12056242887037,0.0766856244855197,0.0639006609811821,0.053359836350303,0.062547935252089,0.0256706481300176,0.0439065186080007,0.158474243020055,0.244591435818372,0.193521569110447,0.146278870829769,0.113028830222026,0.0584790931611741,0.0559578388105746,0.0359237860009703,0.0247211155378486,0.0262557077625571,0.026922214750056,0.0574009428869615,0.116563541170871,0.166239072595971,0.16444298389747,0.11006100610061,0.0761120873023213,0.158179503500955,0.144822939017254,0.0364090944605047,0.0554533386123856,0.0652399899630785,0.106016420655929,0.145539538795548,0.101198725055432,0.0736522578064334,0.0565416715645939,0.0373647796338061,0.0293799455984174,0.0310972155192312,0.0455876938837578,0.100762149856478,0.10901218119528,0.0560641274960869,0.0659950357716455
Gemmatimonadota,0.0131933844899325,0.00234957230441646,0.0035358826610791,0.00294738310748356,0.00316492338569609,0.00387518669519235,0.00652046211082827,0.0131487246201738,0.015448570305039,0.0190978266275426,0.0118853342365366,0.00349611336333544,0.0127858168562907,0.00161399294347271,0.00265649770769956,0.00255810876372778,0.00189243027888446,0.00268942032350437,0.00916834790405739,0.017634145463706,0.0245121370775821,0.0177213987077157,0.00368057837660204,0.00115011501150115,0.00972594716236629,0.00168227698463217,0.00264217190076783,0.0557465426986483,0.014067121596758,0.00302899953400007,0.00172730943514738,0.0019754728421382,0.00978727827050998,0.00129420900298845,0.00127346107127464,0.000879171285501319,0.00123639960435213,0.0255995971210945,0.0446272789845213,0.0224190834405622,0.0072801674914351,0.0011857894986482,0
Halanaerobiaeota,0.00263449515963786,0.00602077903006718,0.0237970515602784,0.037269572193446,0.0303176502373693,0.0137851693375853,0,0,0,0,0.000215537149367245,0.00122735894670287,0.00121506682867558,0.00183920126116658,0.00891212134195981,0.0160322850968112,0.0143426294820717,0.00756520393158424,0,0,0,0,0,0,0,0,0,0,0,0,0,0,0,0,0,0,0,0,0,0,0,0,0
Halobacterota,0.000899073744955778,0.00113807408495172,0.00374167477362868,0.00275554160344617,0.000810529159751438,0.000363298752674283,0,0,0,0,9.23730640145334e-05,0,0.00621340991936375,0.00551760378349974,0.0501949526543554,0.0349755215454505,0.00906374501992032,0.00326987075303769,8.96659941717104e-05,0,0,0,0.000262898455471574,0.00135013501350135,4.62406362711551e-05,0.00063653723742839,0.000585179011579451,0,0,0,0.00024675849073534,0.00113442994895065,0.000588968957871397,0.000141186436689649,0.000470201010932174,0,0.000340009891196835,0,0,0,0,0,0
Hydrogenedentes,0,0,0,0,0,0,0,0,0,0,0,0,0.000469457638351928,0,0,0,5.97609561752988e-05,0,6.72494956287828e-05,0,0,0,0,0,0.000354511544745522,0,0,0,0,0,6.72977702005474e-05,7.82365482034933e-05,8.66130820399113e-05,0.000211779655034473,0,0.000152899354000229,0.000479104846686449,0,0,0,0,0,0.000681364676108434
Iainarchaeota,0,0,0,0,0,0,0,0,0,0,0,0,0,0,0,0,7.96812749003984e-05,0,0,0,0,0,0,0,0,0,0,0,0,0,0,0,0,0,0,0,0,0,0,0,0,0,0
Latescibacterota,0,0,0.000205792112549577,0.000139521093845376,0,0,0.000117485803798708,0,0,0,0,0,0.0247707942118635,0.0108475339689213,0.00529157204678864,0.00566753407136241,0.00627490039840637,0.00472099682687099,0.0227975790181574,0.0441213517112319,0.0444550214183722,0.0432820220448499,0.0201117318435754,0.0112511251125113,0.0130706865193132,0,0,0.000390655519962497,0,0,0,0,6.9290465631929e-05,0.0023295762053792,0.00239018847223855,0.00301976224150453,0.0029673590504451,0.03944855949808,0.0516863284939094,0.0357319608037217,0.0189379520365436,0.00659298961248399,0.00423419477295956
Margulisbacteria,0,0,0,0,0,0,0,0,0,0,0,0,0,0,0.000364197266378165,0,0,0,0,0,0,0,0,0,0,0,0,0,0,0,0,0,0,0,0,0,0,0,0,0,0,0,0
MBNT15,0,0,0,0,0,0,0,0,0,0,0,0,0,0,0,0.000463105896881754,0,0,0.000336247478143914,0,0,0,0,0,0.00610376398779247,0.00152314267527508,0.00143634848296774,0.00224626923978436,0.00521694575773808,0.00335161486898233,0.0012337924536767,0.00133002131945939,0.00213068181818182,0.00294138409770101,0.00278202264801536,0.00149076870150224,0.00227188427299703,0.00851921018947899,0.00987626654714837,0.0134118578640008,0.0145603349828702,0.00578665275340322,0
Methylomirabilota,0,0,9.35418693407169e-05,0,0,6.05497921123804e-05,7.83238691991384e-05,0,0,0,0,0,0.0294929857505799,0.00686885368966294,0.00520587857234672,0.00498390155691792,0.0048207171314741,0.00549493073291541,0.0809683927370545,0.0817288660164825,0.0646834840552118,0.0331147852527556,0.00828130134735458,0.00525052505250525,0.0181109158728691,0.00113667363826498,0.00102849644459419,0.0142979920306274,0.00752264946316697,0.00295730723733735,0.0013683879940778,0.00156473096406987,0.00346452328159645,0.00480033884744805,0.00679832294972767,0.00569550093650854,0.00612017804154303,0.048870050569696,0.11017559585741,0.0823517766999901,0.0212219261515036,0.0102452212683204,0.00579159974692169
Micrarchaeota,0,0,0,0,0,0,0,0,0,0,0,0,0,0,0,0,0,0,0,0,0,0,0,0,0,0.00247794853141766,0.00379479722660614,0,0,0.000232999964153852,0.001188927273543,0.00266004263891877,0.00157635809312639,0,0,0,0.000355464886251236,0,0,0,0,0,0
Myxococcota,0.00474627302569678,0.00091780168141268,0.00104766893661603,0.00113360888749368,0.000945617353043344,0.000888063617648246,0.00301546896416683,0.00241602007155136,0.000730296050783664,0.0017406873228229,0.0022169535363488,0,0.0222301999337236,0.00360333308310187,0.00614850679120785,0.00379305782207913,0.00424302788844621,0.00356009596780435,0.0238959874467608,0.0166624680606039,0.0158971918134222,0.00665146332193082,0.00801840289188301,0.00465046504650465,0.0114985048860939,0.00184141129398927,0.00189739861330307,0.0179310883662786,0.00675408156135734,0.00166684589740832,0.00116649468347615,0.00140825786766288,0.00452120288248337,0.00416499988234464,0.00523098624662043,0.00361224723825542,0.00213278931750742,0.0455127263570934,0.0372801050053623,0.0220231614371969,0.00471069661210506,0.00417397903524166,0.00136272935221687
Nanoarchaeota,0,0,0,0,0,0,0,0,0,0,0,0,0.0004970727935491,0.000563020794234667,0.00334204550323493,0.003219688616416,0.00404382470119522,0.00590124603358873,0,0,0,0,0,0,0.000246616726779494,0.000113667363826498,0.000851169471388293,0,0,0,0,3.91182741017466e-05,0.000433065410199557,0.00136480222133327,0.000548567846087536,0.000592484996750889,0.000788204747774481,0,0,0,0,0,0
NB1-j,0,0,0,0,0,0,0,0,0,0,0,0,0.00265105489892853,0.000375347196156445,0.00124255537940786,0.000683632514444493,0.000139442231075697,0.000599798777184428,0.0138982290966151,0.0110123439018246,0.00652070442646359,0.00294564804256937,0,0,0.00100188045254169,0,0,0,0,0,0,0,0,0.000164717509471257,0.000137141961521884,0.000229349031000344,0,0.00782676207062971,0.00659484897475709,0.00207859051766802,0,0,0
Nitrospinota,0,0,0,0,0,0,0,0,0,0,0,0,0,0,0,0,0,0,0,0,0,0,0,0,0,0.000181867782122397,0,0,6.98698092554207e-05,8.96153708284045e-05,0,0,0.000138580931263858,0,0,0,0,0,0,0,0,0,0
Nitrospirota,0.000229995609174734,0.000293696538052058,0.000187083738681434,8.72006836533598e-05,5.78949399822455e-05,0,0,0,0,0,0.0008313575761308,0.000557890430319485,0.0046669612283221,0.00600555513850312,0.00332062213462445,0.00149958099942663,0.000936254980079681,0.00191548641745995,0.000201748486886348,0,0,0,0.0314163654288531,0.0207520752075208,0.013903017972194,0.0767254705828862,0.0438529604738177,0.000332057191968123,0.0012343666301791,0.00405061476144388,0.0179685046435461,0.0733663230778258,0.0281838968957871,0.0595336141374685,0.0353434426550684,0.0113910018730171,0.00772749752720079,8.39331053150639e-05,0.000160069149872745,0.00108878550925468,0.0021888085268367,0.0110989897073472,0.0234097435148683
Patescibacteria,0.04204737909549,0.164947318183487,0.142520392127516,0.0389961457297825,0.018873750434212,0.0177612723529649,0.000137066771098492,0,0,0.00149201770527677,0.023893832558426,0.0762450254769963,0.00455650060753341,0.0147136100893326,0.0525729465701187,0.0251179817403961,0.00882470119521912,0.00454686169801099,0.000268997982515131,0.000431856623600964,0,9.50209045990118e-05,0.000262898455471574,0.00115011501150115,0.00450075526372576,0.0162316995544239,0.0124483535190538,9.76638799906243e-05,0,0.000125461519159766,0.000987033962941361,0.00829307410957029,0.00401884700665188,0.0321434454196767,0.0255671799694369,0.00968999655976453,0.00502287339268051,0,3.2013829974549e-05,0,0,0.000332021059621496,0.00588893755779432
Planctomycetota,0.0893637485102557,0.0480560960387679,0.0295966474594028,0.017440136730672,0.0175421668146204,0.0201227142453478,0.0428431564519287,0.0518515076894485,0.0620751643166114,0.133336648928234,0.151614989069187,0.0812288466545171,0.115762730586546,0.0666616620373846,0.0373195081194567,0.0230009262117938,0.0173107569721116,0.0242047829115394,0.0750056041246357,0.0775182639363731,0.0670633031889576,0.118015963511973,0.166546171541242,0.125662566256626,0.151854249514473,0.0407156497226516,0.0349334137215612,0.0782092350964919,0.104129305726995,0.103613291751801,0.0633496343487819,0.0550980890723101,0.0910130266075388,0.0840765230486858,0.0633595862231104,0.0447421734643171,0.0469059099901088,0.101328241391611,0.0889984473292462,0.105018311392656,0.237009897221165,0.24251766826353,0.137489657857595
Proteobacteria_unidentified,0,0,0.000205792112549577,5.23204101920159e-05,0.000115789879964491,0.000787147297460945,0,0,0,0,0,0,0,0,0,0,0.000139442231075697,0.000212831824162217,0,0,0,0,0,0,0,0,0,0,0,0,0,0,0,0,0.000195917087888406,9.55620962501433e-05,0,0,0,0,0,0,0
RCP2-54,0.000564534677065256,0.000550681008847608,0.000617376337648732,0.000418563281536127,0.000192983133274152,0.000262382432486982,0,0,0.000842649289365766,0.00129308201123987,0.000862148597468978,0,0.00259582458853419,0.0141881240147136,0.00308496507990917,0.00141137035240153,0.000856573705179283,0.00174135128859995,0.000246581483972204,0,0,0,0,0.0138013801380138,0.00955639816270539,0.00250068200418296,0.00363520295072083,0.00418001406359872,0.0110627197987749,0.0100010753844499,0.00453138319350352,0.00328593502454672,0.00668652993348115,0.0113655081535167,0.00650444731789507,0.00334467336875502,0.00360101384767557,0.000440648802904085,0.00049621436460551,0.00222706126893002,0.0101827179291968,0.00953374756913153,0.0109505037231713
SAR324 clade(Marine group B),0,0,0,0,0,0,0,0,0,0,0,0,0.000220921241577378,0,0.000278503791936244,0.000176421294050192,0.000119521912350598,0.000154786781208885,0,0,0.0002855782960495,0,0,0,0.00197293381423595,0.00154587614804037,0.00211019098115014,0.0149816391905618,0.0135314530591331,0.00422984550310069,0.000695410292072323,0.00105619340074716,0.00479836474501109,0.000658870037885027,0.00109713569217507,0.000764496770001147,0.000123639960435213,0.000608515013534213,0.002449057993053,0.00301890527566069,0,0,0
Schekmanbacteria,0,0,0,0,0,0,0,0,0,0,0,0,0,0,0,0,0,0,0,0,0,0,0,0,0,0,0,0,0,0,0,0,0,0,0.000391834175776811,0.000993845801001491,0.0029055390702275,0,0,0,0,0,0
Spirochaetota,0,0,0.00011225024320886,0,0,0,0,0,0,0,0,0,0,0.000450416635387734,0.000192810317494323,8.82106470250959e-05,0.000139442231075697,0,0,0,0,0,0,0,0.00140263263355837,0.00645630626534509,0.00842303122727998,0.000429721071958747,0.00500733632997182,0.00376384557479299,0.00192920274574902,0.0041074187806834,0.00731014412416851,0.000517683601195379,0.000587751263665217,0.000611597416000917,0.00058728981206726,0,9.6041489923647e-05,0,0.00142748382185002,0.00137551581843191,0
Sumerlaeota,0,0,5.61251216044301e-05,0,0,4.03665280749203e-05,0,0,0,0,0,0,0,0.000638090233465956,0.000278503791936244,0.000198473955806466,0,3.86966953022212e-05,0,0,0,0,0,0.00055005500550055,0.000385338635592959,0.000545603346367191,0.000230525065167663,0,0,0.000161307667491128,0.000336488851002737,0.000625892385627946,0.000433065410199557,0,0.000313467340621449,7.64496770001147e-05,0,6.29498289862979e-05,0.000128055319898196,0,0,0.000189726319783712,0
Sva0485,0,0,0,0,0,0,0,0,0,0,0,0,0,0,0,0,0,0,0,0,0,0,0,0,0.000292857363050649,0.00131854142038738,0.000727040590144167,0,0,0,0.000448651801336982,0.00189723629393471,0.00053700110864745,0.00334141233498835,0.00150856157674072,0.000420473223500631,0.000200914935707221,0,0,0,0,0,0
Synergistota,0,0,0,0,0,0,5.87429018993538e-05,0,0,0,0,0,0,0,0,0,0,0,0,0,0,0,0,0,0,0,0,0,0,0,0,0,0,0,0,0,0,0,0,0,0,0,0
Thermoplasmatota,0,0,3.74167477362868e-05,0,0,0,0,0,0,0,0,0,0.000331381862366066,0,0.000107116843052402,0,0,0.000116090085906664,4.48329970858552e-05,0,0.000237981913374584,0,0,0,0.000169548999660902,0,0,0.000820376591921244,0.000139739618510841,0,0,0,0.000277161862527716,0,0,0,0,0.000293765868602724,0.000384165959694588,0,0,0,0
Verrucomicrobiota,0.0286867250716123,0.109034839751826,0.0352465763675821,0.0162890877064476,0.0108842487166622,0.012412707383038,0.000137066771098492,0,0,0.00104441239369374,0.0194907165070665,0.113140179268792,0.0726002430133657,0.178740334809699,0.0680406187068855,0.029859304017995,0.0193426294820717,0.0236823775249594,0.0028468953149518,0.00158347428653687,0.00304616849119467,0.0178639300646142,0.161222477817943,0.241424142414241,0.0606985418786029,0.0532417932163317,0.0329650843189758,0.00402375185561372,0.00817476768288423,0.0225113811520952,0.0552066041545157,0.0751462045494553,0.0428388303769401,0.120667341224086,0.0561498373888171,0.0342494552960514,0.0254080118694362,0.00239209350147932,0.00136058777391833,0,0.00656642558051009,0.0752264857942418,0.175840755341412
WOR-1,0,0,0,0,0,0,0,0,0,0,0,0,0,0,0,0,0,0,0,0,0,0,0,0,0,0.000363735564244794,0.000212792367847073,0,0,0,0,0.00023470964461048,0,0,0,0,0,0,0,0,0,0,0
WPS-2,0.0302130595688628,0.0316090899078527,0.0204669610117489,0.0177366190550934,0.0156123354818789,0.0146126831631211,0.00417074603485412,0.00706221251684245,0.0289309589348913,0.0569950763415726,0.0589955968839486,0.0389779447316547,0,0,0,0,0,0,0,0,0,0,0,0,0.00203458799593082,0,0.000727040590144167,0.00199234315180874,0.0021193842140811,0.00123669211743198,0.00109919691327561,0.000547655837424453,0.00135116407982262,0.000423559310068946,0.000568159554876376,0.000535147739000803,0.000355464886251236,0.00188849486958894,0.00268916171786212,0.00301890527566069,0.00199847735059003,0,0
WS1,0,0,0,0,0,0,0,0,0,0,0,0,0,0,0,0,0,0,0,0,0,0,0,0,0,0,0,0.000214860535979373,0,0.000125461519159766,0,0,0,0,7.83668351553623e-05,0,0,0,0.000128055319898196,0,0,0,0
WS2,0,0,0,0,0,0,0,0,0,0,0,0,0.000331381862366066,0.000525486074619023,0.000792664638587772,0.000176421294050192,0.000258964143426295,0.000116090085906664,0,0,0,0.000427594070695553,0,0,0.00018496254508462,0,0,0,0,0,0,0,0,0,0,5.7337257750086e-05,0,0.00010491638164383,0.000464200534630961,0,0.000237913970308336,0,0
WS4,0,0,0,0,0,0,0,0,0,0,0,0,0,0,0,0,0,0,0,0,0,0,0,0,0,0,0,0,0,0,0,0,0,0,0,0,0,0,0,0,0,0.000379452639567424,0
Zixibacteria,0,0,0,0,0,0,0,0,0,0,0,0,0.00209875179498509,0.0010134374296224,0.00287073139380436,0.00273453005777797,0.000856573705179283,0.000445011995975544,0.000403496973772697,0,0.00161827701094717,0.00261307487647282,0.00354912914886625,0.00135013501350135,0.000801504362033355,0.000159134309357097,7.09307892823577e-05,0,0,0,4.48651801336982e-05,0.00011735482230524,0.000138580931263858,0.00421206202790785,0.00264488068649348,0.00128053208975192,0.000401829871414441,0,0,0,0.000333079558431671,0,0.000584026865235801
