Class,GcA-0,GcA-1,GcA-2,GcA-3,GcA4,GcA5,GcA6,GcA7,GcA8,GcA9,GcA10,GcA11,GcA12,GcA13,GcA14,GcB-0,GcB-1,GcB-2,GcB-3,GcB4,GcB5,GcB6,GcB7,GcB8,GcB9,GcB10,GcB11,GcB12,GcB13,GcB14,GcC-0,GcC-1,GcC-2,GcC-3,GcC5,GcC6,GcC7,GcC8,GcC9,GcC10,GcC11,GcL-0,GcL-1,GcL-2,GcL-3,GcL4,GcL5,GcL6,GcL7,GcL8,GcL9,GcL10,GcL11,GcL12,GcL13
4484-113,0,0,0,0,0,0,0,0,0,0,0,0,0,0,0,0.00032598065848093,0.00032626427406199,0.000633653328264107,0.000777604976671851,0,0,0,0.000418293363078639,0,0,0,0,0,0.000139634158504718,0.000115874855156431,0.000183933416103371,0,0,0,0,0,0,0,0,0,0,0,0.00010842459069717,0.000184939740467898,0.000133469769097299,0.000105185652676975,0.00046554187468897,0,0.000234863074827376,0,0,0,0,5.70103758884117e-05,0
Abditibacteria,0,0,0,0,0,0,0,0,0,0,0,0,0.000104531437829927,0,0,0,0,0,0,0,0,0,0,0,0,0,0,0,0,0,0,0,0,0,0,0,0,0,0,0,0,0,0,0,0,0,0,0,0,0,0,0,0,0,0
ABY1,0,0,0,0,0,0,0,0,0,0,0,0,0,0,0,0,0.000250972518509223,0,0.000100336126022174,0,0,0,0,0,0,0,6.36820989619818e-05,0.0001093302429318,0.000139634158504718,0,3.06555693505618e-05,0,0,0.000147181474758377,0,0,0,0,0,0,0,0,0,0,0,0,0,0,0,0,0,4.70035252643948e-05,0,0,4.62541821489693e-05
Acidimicrobiia,0.011228216633622,0.0144029475799699,0.0153697904119489,0.0166480381198894,0.0313970818951992,0.0231535077564251,0.0119087933175302,0.0044762757385855,0.0034577936849768,0.00107923039708236,0.00269463258320588,0.00325829935392579,0.00270039547727312,0.00218108822791407,0.00244577850544742,0.0250190155384114,0.0247458903250094,0.0270886797832906,0.0302513419956855,0.0731270831935217,0.0535249438362515,0.0197628458498024,0.0141290202639896,0.00330095854757824,0,0,0.00443651956101806,0.00268952397612227,0.00209451237757076,0.002240247199691,0.0130746003280146,0.0642634872906542,0.0599573873094081,0.0627974292302409,0.0811989949944491,0.0280518520230145,0.00575819160694548,0.00355148536966719,0.00469291583907777,0.00425936834473696,0.00639655081017087,0.0185856910906139,0.0139867721999349,0.00785993896988565,0.0106998264893002,0.076112338277059,0.0644855762284687,0.019053621642587,0.00441542580675466,0.000510464522715671,0,0.000869565217391304,0.00147653092943736,0.00117821443502718,0.000724648853667186
Acidobacteriota Phylum,0,0,0,0,0.00049027298399749,0,0,0,0,0,0,0,0,0,0,0.000923611865695969,0.00163132137030995,0,0.000777604976671851,0,0.000677530934636095,0.000790513833992095,0.00227737497676148,0,0,0,0.00106136831603303,0.000437320971727199,0.000239372843150945,0.000637311703360371,0,0,0,0,0,0,0,0,0,0,0,0,0,0,0,0.000904596613021984,0.001043455926027,0,0,0,0,0,0,0,0
Actinomycetia,0.162162162162162,0.111874057946743,0.114671163575042,0.107359256426849,0.409495607154063,0.289557768001852,0.165820069985326,0.136625882821048,0.0918741848403045,0.0544453127907409,0.0440608841307989,0.0381500307211082,0.0323524800083625,0.0270416336929877,0.0319568249348129,0.0424046506573943,0.0329024971765592,0.041662706333365,0.0345156273516279,0.125741001722479,0.0902899119209785,0.0691467100674262,0.0403420710169176,0.0272963879895893,0.01289342092362,0.0117545440889289,0.00817253603345433,0.00588196706973083,0.00412918154435379,0.00627655465430668,0.0103309268711393,0.00933533792524737,0.00655835941141221,0.00529853309130158,0.0304423193035078,0.00984356586639554,0.00272756444539523,0.00163055617601072,0.00235619425945399,0.00201640309937016,0.00217341367306911,0.00684008705565343,0.00620730781741299,0.00317479887803224,0.00567246518663523,0.0705585358157147,0.0327805692453406,0.026471443808785,0.0113204002066795,0,0.00148559927157713,0.00150411280846063,0.00192337581597762,0.00150127323172817,0.00197351177168936
Actinomycetota Phylum,0.000271313784827298,0,0,3.92179932152872e-05,0.000921713209915281,0.000138921046538551,0,0,0.000394309806181565,0,0,0,0.000139375250439903,0,0,0,0,0,0,0.000134219179920811,0,0,0,0,0,0,0,0,0,0,0,0,0,0,0,0,0,0,0,0,0,0,0,0,0,0,0,0,0,0,0,0,0,0,0
Aenigmatarchaeia,0,0,0,0,0,0,0,0,0,0,0,0,0,0,0,0,0.000175680762956456,0.000190095998479232,0.000125420157527718,0,0,0,0,0,0,0,0,0,0,0,0,0,0,0,0,0,0,0,0,0,0,0,0,0,0,0,0,0,0,0,0,0,0,0,0
Alphaproteobacteria,0.0745278096629448,0.0433763188745604,0.048542519874729,0.0437084534384376,0.0229447756510825,0.0244501041907849,0.0471272152613162,0.0947975728638218,0.0946950165306803,0.0435413642960813,0.0302599956303255,0.0369211863933419,0.0362549870206798,0.0420583296338474,0.0674307197865502,0.0579430620449853,0.0605345714644246,0.0620029781706428,0.0582952892188832,0.0209381920676465,0.0237849017580145,0.0560799813996745,0.0855177542294107,0.0750333269853361,0.0419648985194627,0.0248986029743128,0.0233076482200853,0.015065707476002,0.0150605413815802,0.0178833526458092,0.0963964378228415,0.0911506590678648,0.0693122045409149,0.0884315360839916,0.139181582688974,0.159576680453821,0.0831818019752559,0.043176234085325,0.0434630213810025,0.0424577461597717,0.0464721785379817,0.0805092064808099,0.104982109942535,0.0851031039053109,0.104061929972861,0.0483012517092669,0.0821922206347422,0.157859012896344,0.126450279487059,0.0927189196714465,0.0468682608904011,0.0435957696827262,0.0407405968293441,0.0299684542586751,0.0262877935213309
Anaerolineae,0.000772200772200772,0,0,0,0,0,0,0.000646573162240127,0.00133458703630683,0.00171188269882029,0.000873934891850557,0.000614422163883148,0.000226484781964843,0.000386033314675057,0.000282982636993916,0.0229544713680322,0.0248211820805622,0.028387669106232,0.0267144935534039,0.0102453974006219,0.00870092358164248,0.00725412694722158,0.016359918200409,0.0133307941344506,0.0639768604765173,0.0739071653898152,0.0297607675815662,0.00767498305381235,0.00566515728790569,0.00693317883352646,0.0206311981729281,0.00146848012307262,0.0018975963779213,0.00193788941765196,0.00360321757591103,0.00374332786468563,0.00183620351552751,0.00122850122850123,0.00101257935117031,0.000679686437989941,0.000618451045182266,0.00333367879227554,0.00699338609996747,0.0105415652066702,0.0071183876851893,0.00244030714210582,0.00422198320838617,0.025792688839329,0.0202921696650853,0.00877070861756926,0.0197440935448315,0.0181903642773208,0.00819863226608642,0.00378168826726464,0.00581260889005381
Archaea Kingdom,0,0,0,0,0,0,0,0,0,0,0,0,0,0,0,0,0,0,0,0.000178958906561081,0,0,0,0,0,0,0,0,0,0,0,0,0,4.90604915861257e-05,0,0,0,0,0,0,0,0,0,0,0,0,0,0,0,0,0,0,0,0,0
Armatimonadia,0.000396535531670667,0,0,0,3.92218387197992e-05,0,0,0,0.00015165761776214,0.000781511666852741,0.000873934891850557,0.000223426241412054,0.000278750500879806,0.000173714991603775,0.000525539182988701,0,0.000100389007403689,0,0,0,0,0,0.000232385201710355,0,0,0,0,0,0.000139634158504718,0.000115874855156431,0,0.00062934862417398,0.000366202809774286,0.000220772212137566,0.000233722221140175,0,0.000873533711270367,0.00147420147420147,0.00161623242590645,0.000928904798586252,0.000530100895870514,0.000742736725740146,0,0,0,0,0,0,0,0,0,0.000188014101057579,0,0.000190034586294706,0.000169598667879554
ASV10169,0,0,0,0,0,0,0,0,0,0,0,0,0,0,0,0,0,0,0,0,0,0,0,0,0,0,0,0,0,0,0,0,0,0,0,0,0,0,0,0,0,0,0,0,0,6.31113916061849e-05,0,0,0,0,0,0,0,0,0
ASV10184,0,0,0,0,0,0,0,0,0,0,0,0,0,0,0,0,0,0,0,0,0,0,0,0,0,0,0,0,0,0,0,0,0,0,0,0,0,0,0,0,0,0,0,0,0,0,4.81595042781693e-05,0,0,0,0,0,0,0,0
ASV10192,4.17405822811228e-05,0,0,0,0,0,0,0,0,0,0,0,0,0,0,0,0,0,0,0,0,0,0,0,0,0,0,0,0,0,0,0,0,0,0,0,0,0,0,0,0,0,0,0,0,0,0,0,0,0,0,0,0,0,0
ASV10199,0,0,0,0,0,0,0,0,0,0,0,3.7237706902009e-05,0,0,0,0,0,0,0,0,0,0,0,0,0,0,0,0,0,0,0,0,0,0,0,0,0,0,0,0,0,0,0,0,0,0,0,0,0,0,0,0,0,0,0
ASV10202,0,0,0,0,0,0,0,0,0,0,0,3.7237706902009e-05,0,0,0,0,0,0,0,0,0,0,0,0,0,0,0,0,0,0,0,0,0,0,0,0,0,0,0,0,0,0,0,0,0,0,0,0,0,0,0,0,0,0,0
ASV10270,0,0,0,0,0,0,0,0,0,0,0,0,0,0,0,0,0,0,0,0,0,0,0,0,0,0,0,4.37320971727199e-05,0,0,0,0,0,0,0,0,0,0,0,0,0,0,0,0,0,0,0,0,0,0,0,0,0,0,0
ASV10319,0,0,0,0,0,0,0,0,0,0,0,0,0,0,0,0,0,0,0,4.47397266402702e-05,0,0,0,0,0,0,0,0,0,0,0,0,0,0,0,0,0,0,0,0,0,0,0,0,0,0,0,0,0,0,0,0,0,0,0
ASV10324,0,0,0,0,0,0,0,0,0,0,0,0,0,0,0,0,0,0,0,0,7.13190457511679e-05,0,0,0,0,0,0,0,0,0,0,0,0,0,0,0,0,0,0,0,0,0,0,0,0,0,0,0,0,0,0,0,0,0,0
ASV10325,0,0,0,0,0,0,0,0,0,0,0,0,0,0,0,0,0,0,0,0,7.13190457511679e-05,0,0,0,0,0,0,0,0,0,0,0,0,0,0,0,0,0,0,0,0,0,0,0,0,0,0,0,0,0,0,0,0,0,0
ASV10352,0,0,0,0,0,0,0,0,0,0,0,0,0,0,0,0,0,0,0,0,0,0,0,0,0,0,0,0,0,0,0,0,0,0,0,4.62139242553781e-05,0,0,0,0,0,0,0,0,0,0,0,0,0,0,0,0,0,0,0
ASV10396,0,0,0,0,0,0,0,0,0,0,0,0,0,0,0,0,0,0,0,0,0,0,0,0,0,0,0,0,0,0,0,0,0,0,0,0,0,0,0,0,0,0,0,0,0,4.20742610707899e-05,0,0,0,0,0,0,0,0,0
ASV10397,0,0,0,0,0,0,0,0,0,0,0,0,0,0,0,0,0,0,0,0,0,0,0,0,0,0,0,0,0,0,0,0,0,0,0,0,0,0,0,0,0,0,0,0,0,4.20742610707899e-05,0,0,0,0,0,0,0,0,0
ASV1629,0,0,0,0.000235307959291723,0,0,0,0,0,0,0,0.000242045094863058,0.00090593912785937,0.00225829489084908,0.000929800092980009,0,0,0,0,0,0,0,0,0,0,0,0,0,0,0,0,0,0,0,0,0,0,0,0,0,0,0,0,0,0,0,0,0,0,0,0,0,0,0,0
ASV2222,0,0,0,0,0,0,0,0,0,0,0,0.000204807387961049,0.000365860032404746,0.00117740160975892,0.000687243546985224,0,0,0,0,0,0,0,0,0,0,0,0,0,0,0.00052143684820394,0,0,0,0,0,0,0,0,0,0,0,0,0,0,0,0,0,0,0,0,0,0,0,0,0
ASV4616,0,0,0,0,0,0,0,0,0,0,0,0,0,0.000308826651740045,0.00048511309198957,0,0,0,0,0,0,0,0,0,0,0,0,0,0,0,0,0,0,0,0,0,0,0,0,0,0,0,0,0,0,0,0,0,0,0,0,0,0,0,0
ASV4680,0,0,0,0,0,0,0,0,0,0,0,0,0,0,0.000788308774483051,0,0,0,0,0,0,0,0,0,0,0,0,0,0,0,0,0,0,0,0,0,0,0,0,0,0,0,0,0,0,0,0,0,0,0,0,0,0,0,0
ASV4779,0,0,0,0,0,0,0,0,0,0,0,0,0,0.000212318323071281,0.000525539182988701,0,0,0,0,0,0,0,0,0,0,0,0,0,0,0,0,0,0,0,0,0,0,0,0,0,0,0,0,0,0,0,0,0,0,0,0,0,0,0,0
ASV5218,0,0,0,0,0,0,0,0,0,0,0,0,0,0,0,0,0,0,0,0,0,0,0,0,0,0,0,0,0,0.00059868675164156,0,0,0,0,0,0,0,0,0,0,0,0,0,0,0,0,0,0,0,0,0,0,0,0,0
ASV7558,0,0,0,0,0,0,0,0,0,0,0,0,0,0,0,0,0,0,0,0,0,0,0,0,0,0,0,0,0,0,0,0,0,0,0.000116861110570087,0.000138641772766134,0,0,0,0,0,0,0,0,0,0,0,0,0,0,0,0,0,0,0
ASV7559,0,0,0,0,0,0,0,0,0,0,0,0,0,0,0,0,0,0,0,0,0,0,0,0,0,0,0,0,0,0,0,0,0,0,0,0.000277283545532269,0,0,0,0,0,0,0,0,0,0,0,0,0,0,0,0,0,0,0
ASV7709,0,0,0,0,0,0,0,0,0,0,0,0,0,0,0,0,0,0,0,0,0,0,0,0,0,0,0,0,0,0.000212437234453457,0,0,0,0,0,0,0,0,0,0,0,0,0,0,0,0,0,0,0,0,0,0,0,0,0
ASV7762,0,0,0,0,0,0,0,0,0,0,0,0,0,0,0,0,0,0,0,0,0,0,0,0,0,0,0,0,0,0,0,0,0,0,0,0,0.000196099404570899,0,0,0,0,0,0,0,0,0,0,0,0,0,0,0,0,0,0
ASV8075,0,0,0,0,0,0,0,0,0,0,0,0,0,0,0.000181917409496089,0,0,0,0,0,0,0,0,0,0,0,0,0,0,0,0,0,0,0,0,0,0,0,0,0,0,0,0,0,0,0,0,0,0,0,0,0,0,0,0
ASV8279,0,0,0,0,0,0,0,0,0,0,0,0,0,0,0,0,0,0,0,0,0,0,0,0,0,0,0,0,0,0,0,0,0,0,0,0,0,0,0,0,0,0,0,0,0,0,0.000144478512834508,0,0,0,0,0,0,0,0
ASV8611,0,0,0,0,0,0,0,0,0,0,0,0,0,0,0.000141491318496958,0,0,0,0,0,0,0,0,0,0,0,0,0,0,0,0,0,0,0,0,0,0,0,0,0,0,0,0,0,0,0,0,0,0,0,0,0,0,0,0
ASV8856,0,0,0,0,0,0,0,0,0,0,0,0,0,0,0,0,0,0,0,0,0,0,0,0,0,0,0,0,0,0,0,0,0,0,0,0,0,0,0,0,0,0,0,0,0,0,0.000112372176649062,0,0,0,0,0,0,0,0
ASV9,0,0,0,0,0,0,0,0,0,0,0,0,0,0,0,0.00817668151689666,0.03455891579872,0.0335519437315845,0.0339136105954949,0,0,0,0,0,0.000539268555740759,0.00165239597416254,0.00950986011165595,0.0253646163601776,0.0590851967844248,0.0964465044418694,0,0,0,0,0,0,0,0,0,0,0,0,0,0,0,0,0,0,0,0,0,0,0,0,0
ASV97,0,0,0,0,0,0,0,0,0,0,0,0,0,0,0,0.00228186460936651,0.00198268289622286,0.00221778664892437,0.00248331911904881,0,0,0,0,0,0,0,0.00341760597762636,0.00736885837360331,0.0142825796413397,0.0259752800309,0,0,0,0,0,0,0,0,0,0,0,0,0,0,0,0,0,0,0,0,0,0,0,0,0
ASV9769,0,0,0,0,0,0,0,0,0,0,0,0,0,0,0,0,0,0,0,0,0,0,0,0,0,0,0,0,0,0,0,0,0,9.81209831722514e-05,0,0,0,0,0,0,0,0,0,0,0,0,0,0,0,0,0,0,0,0,0
ASV9782,0,0,0,0,0,0,0,0,0,0,0,0,0,0,0,0,0,0,0,0,0,0,0,0,0,0,0,0,0,0,0,0,0,0,7.7907407046725e-05,0,0,0,0,0,0,0,0,0,0,0,0,0,0,0,0,0,0,0,0
ASV9866,0,0,0,0,0,0,0,0,0,0,0,0,0,0,0,0,0,0,0,0,0,0,0,0,0,0,0,0,0,0,0,0,0,0,0,0,0,0,0,0,0,0,0,0,0,8.41485221415799e-05,0,0,0,0,0,0,0,0,0
B15-G4,0,0,0,0,0,0,0,0,0,0,0,0,0,0,0,0,0,0,5.01680630110871e-05,0.000402657539762432,0,0,0,0.000507839776550498,0,0,0,0.0001093302429318,0,0.000212437234453457,0.000306555693505618,0,0,0,0,0,0,0,0,0,0,0,0,0,0,0.000568002524455664,0.000690286227987093,0,0,0,0,0,0.000116568231271371,0,6.16722428652924e-05
Babeliae,8.34811645622456e-05,5.58253782169374e-05,7.22717417489762e-05,7.84359864305744e-05,0,0,0,0,0,0,0.00010924186148132,0.000781991844942189,0.00205578494398857,0.00231619988805034,0.00177874800396176,0,0.000150583511105534,6.33653328264107e-05,0,0,0,0,0,0,0,0,0.00036086522745123,0.00159622154680428,0.00241367616843869,0.00179606025492468,0,0.00360127268277333,0.000665823290498702,0.00397389981847618,0,0,0,4.46727719454992e-05,0.00122677882930249,0.00507499207032489,0.0136412630537346,0.00238366670121256,0.000786078282554483,0.000154116450389915,0.000734083730035147,0,0,0,0,0,0,7.05052878965922e-05,0.00275878147342244,0.00807646991752499,0.00536548512928044
Bacilli,0.00997599916518836,0.017808295651203,0.0176102144061672,0.0270800243151558,5.88327580796988e-05,0,0,0,0,0.00126530460347587,0.0217027164809555,0.0757414958386863,0.14373072701615,0.159740585612538,0.109130232652154,0.0062751276757579,0.00409085205170034,0.00323163197414694,0.00486630211207545,0,0,0,0,0,0,0.00890040558810275,0.0495022182597805,0.0748474843111101,0.0886676906504957,0.0534762456546929,0.00016860563142809,0,0,0,0,0,0,0,0,0,8.83501493117523e-05,0,0,9.24698702339488e-05,0,0.000105185652676975,0,0,0,0,0,0,0.00139881877525645,0.00138725247995135,0.000971337825128355
Bacillota_A Phylum,0,0,0,0.000352961938937585,0,0,0,0,0,0,0,0.000670278724236162,0,0,0,0,0,0,0,0,0,0,0,0,0,0,0,0,0,0,0,0,0,0,0,0,0,0,0,0,0,0,0,0,0,0,0,0,0,0,0,0,0,0,0
Bacillota_B Phylum,0,0.001786412102942,0,0.000627487891444595,0,0,0,0,0,0,0.00131090233777584,0.00180602878474744,0.00167250300527884,0.00117740160975892,0.000424473955490874,0,0,0,0,0,0,0,0,0,0,0.00153973261228782,0.00163450720669087,0.00247086349025868,0.000957491372603778,0.000540749324063345,0,0,0,0,0,0,0,0,0,0,0,0,0,0,0,0,0,0,0,0,0,0,0,0,0
Bacillota_E Phylum,0.000688719607638527,0.00153519790096578,0.00178270296314141,0.00156871972861149,0,0,0,0,0.000697625041705845,0.00320047634996837,0.00254897676789746,0.000856467258746206,0.000505235282844649,0.000405334980408809,0.000889374001980878,0,0,0,0.000401344504088697,0,0,0,0,0,0,0.000788643533123028,0,0,0.000159581895433963,9.65623792970259e-05,0,0,0,0,0,0,0,0,0,0,0,0,0,0,0,0,0,0,0,0,0,0,0,0,0
Bacteria Kingdom,0.0243973703433163,0.0576955283872048,0.0668754516983859,0.0745730140988685,0.0199050831502981,0.0175966658948831,0.0387741280054182,0.0433701382671839,0.0345476053262155,0.0243757210375498,0.0290219212002039,0.025098214451954,0.0221606648199446,0.0181049624582602,0.0279142158348999,0.0244757144409432,0.0276822687915673,0.0286094477711244,0.0278432749711534,0.0503769321969443,0.0264593659736833,0.0163217856312485,0.0229596579289831,0.0176474322351298,0.0396607510540249,0.0421736517951029,0.0293574476214736,0.0207508801084556,0.0138437294288963,0.0138663576670529,0.0165693352339786,0.00783189398972064,0.00625873893068779,0.00745719472109111,0.0162631712210038,0.0170529380502345,0.00552643776517988,0.00734867098503462,0.0098921213537407,0.00922107934206353,0.00980686657360451,0.0123847030780392,0.00967689471972243,0.00749005948894985,0.00825288072251635,0.00997159987377721,0.0131314914998475,0.0115388344807524,0.00554276856592607,0.0102092904543134,0.00996789188671108,0.0161692126909518,0.0147458812558284,0.0128653414921516,0.00849535145469402
Bacteriovoracia,0,0,0,0,0,0,0,0,0,0,0,0,0,0,0,0.000135825274367054,0,0,0,0,0,0,0,0,0,0,0.000955231484429727,0.00262392583036319,0.00444834533522172,0.00365005793742758,0,0,0,0,0,0,0,0,0,0,0,0,0,0,0,0,0,0,0,0,0,0,7.77121541809139e-05,0.000190034586294706,0.000107926425014262
Bacteroidia,0.0156735886465616,0.0112209010216044,0.00994940978077572,0.0104712041884817,0.000156887354879197,0,0.000112879557512135,0,0,0.000781511666852741,0.010924186148132,0.103781489135899,0.181571107510584,0.206489220019688,0.126715582236776,0.0319461045311311,0.0179194378215585,0.0201184931723854,0.0164551246676366,0.000201328769881216,0.00017829761437792,0.000604510578935131,0.00213794385573527,0.000888719608963372,0.00720658888126287,0.0537779780681989,0.201341569551466,0.312422102201911,0.225808382039058,0.106952491309386,0.00907404852776629,0.0102094332366001,0.00486051002064052,0.00586272874454202,0.000486921294042031,0.00048524620468147,0.000338717153349734,0.00122850122850123,0.0125793511703081,0.0405999365625991,0.0827310798155249,0.0235948457525823,0.00379486067440095,0.00419196745060568,0.00431552253414602,6.31113916061849e-05,4.81595042781693e-05,0,0,0,0.000239612785738247,0.0103172737955347,0.0685615480261113,0.116985291323021,0.103470605467244
Bacteroidota Phylum,0,0,0,0,0,0,0,0,0,0,0,0.000521327896628126,0.000313594313489782,9.65083286687641e-05,0.000101065227497827,0,0,0,0,0,0,0,0,0,0,0,0,0,0,0,0,0,9.98734935748053e-05,0,0,0,0,0,0,0,0,0,0,0,0,0,0,0,0,0,0,0,0,0,0.000123344485730585
Bathyarchaeia,0,0,0,0,0,0,0,0,0,0,0,0,0,0,0,0,0,0,0,0,0,0,0,0,0,0,0.000297183128489248,0.000765311700522599,0.000578484370948116,0.00052143684820394,0.0110513327508775,0.0175867976644173,0.0132165923163992,0.0159201295196978,0.0009348888845607,0.00242623102340735,0.0106963311584127,0.0377708286799196,0.0485064454570238,0.0338030721826997,0.0541233014683795,0.030158565654472,0.00235823484766345,0.00101716857257344,0.000800818614583797,0,0,0,0,0,0.00119806392869124,0.00902467685076381,0.0427416847995026,0.127095131313899,0.0730661897346552
Bdellovibrionia,0,0,0,0,0,0,0,0,0,0,0,0.000260663948314063,0.000104531437829927,7.72066629350113e-05,0.000181917409496089,5.43301097468217e-05,0,0,0,0,0,0,0,0,0,0,0.0019953724341421,0.000962106137799838,0.000139634158504718,0.000231749710312862,0.000229916770129213,0,0,0,0,0,0,4.46727719454992e-05,0,0,5.30100895870514e-05,0,0,0,0,0,0,0,0,0,0,0.00319623971797885,0.00489586571339758,0.00321158450838053,0.00089424752154674
Bdellovibrionota Phylum,0,0,0,0,0,0,0,0,0,0,0,0,0,0,0,0,0,0,0,0,0,0,0,0,0,0,0,0,0,0,0,0,0,0,0,0,0,0,0,0,0,0,0,0,0,0,0,0,0,0,0,0,0.000563413117811626,0,0
Binatia,0.000605238443076281,0.000809467984145593,0.000674536256323777,0.000745141871090456,0.000156887354879197,0,0.000846596681341009,0.00139261911867104,0.000818951135915557,0,0.000546209307406598,0.000614422163883148,0.000418125751319709,0.000193016657337528,0.00026276959149435,0.00434640877974574,0.00351361525912913,0.00256629597946963,0.00298499974915968,0.00342258908798067,0.00317369753592697,0.00162752848174843,0,0,0.0161290322580645,0.0160733062941265,0.00547666051073043,0.00264579187894956,0.00115696874189623,0.00214368482039397,0.018117441486182,0.00821649592671585,0.00765696784073507,0.00637786390619634,0.00631049997078472,0.0160131247544885,0.0132812778550291,0.00574045119499665,0.00459555243992678,0.00407811862793964,0.00505362854063223,0.00893011365599198,0.0289764718638187,0.0267546157876892,0.0272055879343329,0.0214368360155675,0.0224583821617196,0.0160961892756715,0.0270562262201137,0.0174950113694371,0.0125077874155365,0.0137720329024677,0.00977230338824992,0.00558701683706435,0.00622889652939453
Blastocatellia,0.000459146405092351,0.000976944118796405,0.000794989159238738,0.00150989273878856,0.000313774709758393,0,0,0,0,0,0.00142014419925716,0.00102403693980525,0.000278750500879806,0.000328128317473798,0.000101065227497827,0.0292839291535369,0.0194503701844648,0.0109938852453823,0.0204936537400291,0.00136456166252824,0.000891488071889598,0.00172053010927691,0.0101319947945715,0.0294547070399289,0.169183253260124,0.258675078864353,0.110445986966397,0.0411300373909431,0.020566116774052,0.0235225955967555,0.0051348078662191,0,0,9.81209831722514e-05,0.00130494906803264,0.000693208863830672,0,0.000938128210855484,0.000954161311679713,0.000589061579591282,0.000459420776421112,0.000673644937299202,0.00393039141277242,0.0037912646795919,0.00342572407349735,0.00033659408856632,0.000658179891801647,0,0,0.00612557427258806,0.0192648679733551,0.00954171562867215,0.00689695368355611,0.00281251187716164,0.00259023420034228
Brevinematia,0,0,0,0,0,0,0,0,0,0,0,0,0,0,0,0,0,0,0,0,0,0,0,0,0,0,0,0,0,0,0,0,0,0,0,0,0,0,0,0.000317187004395306,0.000318060537522308,0,0,0,0,0,0,0,0,0,0,0,0.000116568231271371,0.000114020751776823,6.16722428652924e-05
Brocadiia,0,0,0,0,0,0,0,0,0,0,0,0,0,0,0,0,0,0,0,0.000111849316600676,0,0,0,0,0,0,6.36820989619818e-05,0,9.97386846462269e-05,0,0,0,0,0,0.000233722221140175,0.000947385447235252,0.000623952650907405,0.000379718561536743,0.000194726798301982,0,0.000159030268761154,0.000518188413307078,0.000677653691857313,0.00073975896187159,0.000533879076389198,0.000504891132849479,0.00067423305989437,0,0,0,0,0.000211515863689777,3.88560770904569e-05,0,0
BSN033,0,0,0,0,0,0,0,0,0,0,0,0,0,0,0,0,0,0,0,0,0,0,0,0,0,0,0,0,0,0,0.000291227908830337,0,0,0.00034342344110288,0,0,0,0.000446727719454992,0.00190832262335943,0.00131406044678055,0.000724471224356369,0.000535461360417314,0,0,0,0,0,0,0,0,0,0.00336075205640423,0.00149595896798259,0.000418076089848352,0.000123344485730585
CAIYQO01,0,0,0,0,0,0,0,0,0,0,0,0,0,0,0,0,0,0,0,0,0,0,0,0,0,0,0,0,0,0,0,0,0,0,0.000214245369378494,0,0,0,0,0,0,3.45458942204719e-05,0,0,0,0.000273482696960135,0.000321063361854462,0,0,0,0,0,0.000116568231271371,0,0
CAKKQC01,0,0,0,0,0,0,0,0,0,0,0,0,0,0,0,0,0.000225875266658301,0,0.00035117644107761,6.71095899604053e-05,0,0.00051150895140665,0,0,0,0,0,0.00015306234010452,0,0,0,0,0,0,0,0,0,0,0,0,0,0,0,0,0,0,0,0,0,0,0,0,0,5.70103758884117e-05,0
Campylobacteria,0,0,0,0,0,0,0,0,0,0,0,0,0,0,0,0,0,0,0,0,0,0,0,0,0,0,0,4.37320971727199e-05,0,0,0,0,0,0,0,0,0,0,0,0,0,0,0,0,0,0,0,0,0,0,0,0,0,0,0
Chitinivibrionia,0,0,0,0,0,0,0,0,0,0,0,0,0,0.000154413325870023,0,0.000380310768227752,0,0,7.52520945166307e-05,0,0,0,0,0,0,0.000262881177707676,0.00248360185951729,0.00384842455119935,0.00279268317009435,0.000733874082657397,0,0,0,0,0,0,0,0,0,0.000158593502197653,0,3.45458942204719e-05,0,0,0,0,0,0,0,0,0,0,0.000135996269816599,0.000171031127665235,0
Chlamydiia,0,0,0,0,0,0,0,0,0,0,0,0.000633041017334153,0.000261328594574818,5.79049972012585e-05,0,5.43301097468217e-05,0.000100389007403689,0,0.000100336126022174,0,0,0,0,0,0,0,0.000509456791695854,0.000502919117486279,7.97909477169815e-05,0.000289687137891078,0,0.00437047655676375,0.0013316465809974,0.000981209831722514,0,0,0,4.46727719454992e-05,0.000778907193207929,0.00126874801758122,0.0019967133744456,0.000483642519086607,0,0.000246586320623863,0,0,0,0,0,0,0,0.000705052878965922,0.00283649362760336,0.00203337007335335,0.000323779275042785
Chloroflexia,0.00628195763330898,0.0183386367442639,0.0183811129848229,0.0201580485126576,0.00235331032318795,0.00940032414910859,0.0214471159273056,0.00835571471202626,0.0030331523552428,0.000446578095344423,0.000764693030369237,0.00197359846580648,0.00135890869178906,0.00148622826149897,0.00230428718695046,0.00948060415082039,0.00742878654787301,0.00849095459873903,0.0085787387748959,0.00445160280070689,0.00460007845095033,0.00725412694722158,0.0182189998140918,0.00895067606170253,0.00137268359643102,0.00168995042812078,0.00174064403829417,0.00177114993549516,0.000718118529452834,0.00115874855156431,0.000659094741037078,0,0,7.35907373791885e-05,0,0,0,0,0,0,0,0,0.00043369836278868,0.000246586320623863,0.000422654268808115,8.41485221415799e-05,0.000481595042781693,0,0,0,0,0.000188014101057579,9.71401927261424e-05,0.000209038044924176,4.62541821489693e-05
Chloroflexota Phylum,0.0607116769278932,0.134650812259253,0.122163334136353,0.122889581740102,0.0813068716661437,0.161565177124334,0.158708657862061,0.074903014025664,0.0242045557948376,0.0100480071452495,0.0142014419925716,0.0136848572864883,0.0127179916026412,0.0114072844486479,0.00954055747579488,0.00241768988373357,0.00346342075542728,0.00529100529100529,0.00321075603270958,0.00570431514663445,0.00313803801305139,0.00395256916996047,0.00395054842907604,0.00742715673205104,0.00490244141582508,0.00289169295478444,0.00163450720669087,0.000459187020313559,0.000857752687957551,0.00156431054461182,0.00203859536181236,0.00192300968497605,0.00173114055529662,0.00304175047833979,0.00952418051146213,0.00538392217575155,0.00105180589724391,0.000178691087781997,0.000876270592358921,0.000860936154787258,0.00136059229940099,0.00191729712923619,0.00387617911742383,0.00231174675584872,0.00289184499710815,0.000757336699274219,0.00199059284349766,0.00373315233200815,0.00516698764620226,0.000835305582625644,0,0.000705052878965922,0.00102968604289711,0.000114020751776823,0.000662976610801893
Chthonomonadetes,0.00198267765835333,0.00114442025344722,0.000770898578655746,0.000941231837166892,0.000235331032318795,0,0,0,0.0055203372865419,0.00975028841501991,0.00549850702789309,0.00236459438827757,0.0010104705656893,0.00106159161535641,0.00218300891395307,0.0020102140606324,0.00238423892583762,0.0023761999809904,0.00223247880399338,0.000134219179920811,0,0,0.00195203569436698,0.0102837554751476,0.00666732032552211,0.00206549496770317,0.000785412553864442,0.000852775894868038,0.000658275318665097,0.000811123986095017,0.00243711776336966,0.00017481906227055,0,0,0.000681689811658844,0.000415925318298403,0.00106963311584127,0.000893455438909984,0.000350508236943568,0.000407811862793964,0.000194370328485855,0.000863647355511797,0.0021684918139434,0.000955521992417471,0.00131245272945678,0.000231408435889345,0.000401329202318078,0,0,0.00556870388417096,0.00253989552882542,0.00103407755581669,0.00050512900217594,0.000228041503553647,0.00044712376077337
CLD3,0,0,0,0,0,0,0,0,0,0,0,0,0,0,0,0,0,0,0,0,0,0,0,0,0,0,0,8.74641943454398e-05,0,0,0.000505816894284269,0,0,0,0,0,0,0,0,0,0,0,0.000189743033720048,0.000277409610701846,0.000155714730613516,0,0,0,0,0,0,0.000799059929494712,0.00503186198321417,0.00330660180152788,0.000832575278681447
Clostridia,0.00388187415214442,0.00390777647518562,0.00293905083112503,0.00590230797890072,0,0,0,0,0,0,0.00659092564270628,0.020815878158223,0.0457150821442882,0.0759520546623174,0.0869969478301296,0.00241768988373357,0.000476847785167524,0.000792066660330133,0.000275924346560979,0.000111849316600676,0,0,0,0,0,0.00187772269791197,0.011759960941646,0.023265475695887,0.0436456484011889,0.0475473155658555,7.66389233764044e-05,0,0,7.35907373791885e-05,0,0,0,0,0,9.06248583986587e-05,0.000106020179174103,0,0.000298167624417218,0,0,8.41485221415799e-05,0,0,0,0,0,0,0.00050512900217594,0.00321158450838053,0.00568926440432322
Coriobacteriia,0,0,0,0,0,0,0,0,0,0,0,0,0,0,0,0,0,0,0,0,0,0,0,0,0,0,0,0,0,0,0,0,0,0,0,0,0,0,0,0,0,0,0,0,0,0,0.000144478512834508,0,0,0,0,0,0,0,0
CPR2,0,0,0,0,0,0,0,0,0,0,0,0,0,0,0,0,0,0,0,0,0,0,0,0,0,0,0,0,0,0,0,0,0,0,0,0,0,0,0,0.000226562145996647,5.30100895870514e-05,0,0,0,0,0,0,0,0,0,0,4.70035252643948e-05,0.000135996269816599,0,0
CSP1-3,0,0,0,0,0,0,0,0,0,0,0,0,0,0,0,0.000380310768227752,0.000351361525912913,0.000697018661090517,0.00035117644107761,0.000178958906561081,0.000713190457511679,0.000604510578935131,0,0,0,0,0.000212273663206606,0.000262392583036319,0,0.000193124758594052,0,0.00048949337435754,0,0.000588725899033508,0.00282414350544378,0.000531460128936849,0.000231753841765608,0,0,0.000181249716797317,0.000159030268761154,0.000449096624866135,0,0,0,0,0,0,0,0,0,0,0,0,0
Cyanobacteriia,0.000542627569654597,0.000976944118796405,0.000915442062153698,0.000921622840559249,0,0,0,0,0,0,0.00010924186148132,0.00277420916419967,0.00470391470234673,0.00897527456619506,0.0172417278111293,0.0010051070303162,0,0.000570287995437696,0,0,0,0,0,0,0,0.000938861348955986,0.00944617801269397,0.012026326722498,0.00720113303145758,0.00440324449594438,0,0,0,0,0,0,0,0,0,0,0,0,0,0,0,0,0,0,0,0,0,0,0,0,0
Cyanobacteriota Phylum,0,0,0,0,0,0,0,0,0,0,0,0,0,0,6.06391364986963e-05,0,0,0,0,0,0,0,0,0,0,0,0,0,0,0,0,0,0,0,0,0,0,0,0,0,0,0,0,0,0,0,0,0,0,0,0,0,0.000194280385452285,0,0
Deferrimicrobia,0,0,0,0,0,0,0,0,0,0,0,0,0,0,0,0,0,0,0,0,0,0,0,0,0,0,0,0,0,0,0.00151745068285281,0,0,0,0.000136337962331769,0,0,0,0,0,0,0,0.000867396725577361,0.00129457818327528,0.00091204342216488,0.000189334174818555,0.00133241295169602,0.00649665470765054,0.00263046643806661,0.00111374077683419,0,0.000564042303172738,0.000485700963630712,0.000171031127665235,0.000323779275042785
Dehalobacteriia,0.000208702911405614,0.000334952269301625,0.000361358708744881,0.000647096888052238,0,0,0,0,0,0,0.00160221396839269,0.00376100839710291,0.00221258210073346,0.000868574958018877,0.000545752228488266,0.000298815603607519,0,0,0,0,0,0,0,0,0,0.000488207901457113,0.00169818930565285,0.0020772746157042,0.000379007001655662,0.000212437234453457,0,0,0,0,0,0,0,0,0,0,0,0,0,0,0,0,0,0,0,0,0,0,0,0,0
Dehalococcoidia,0.00463320463320463,0.00708982303355105,0.0072753553360636,0.00819656058199502,0.00292202698462504,0.00833526279231304,0.00925612371599503,0.00477469412115786,0.00209287512511753,0.000483792936623125,0.00174786978370111,0.00160122139678639,0.001446018223314,0.00129321160416144,0.00121278272997393,0.0201564707160708,0.0264023089471703,0.0236986344770776,0.0276927707821201,0.0096190412276581,0.0140141924901045,0.0460823064403627,0.0419222903885481,0.00336443851964705,0.00210804980880478,0.00461919783686345,0.0056040247086544,0.00378282640544027,0.00273283995930662,0.00428736964078795,0.0136570561456753,0.00101395056116919,0.000765696784073507,0.00149634499337683,0.00921255088327523,0.00653927028213601,0.00142617748778836,0.00129551038641948,0.00239513961911438,0.00278671439575876,0.00144894244871274,0.00328185995094483,0.00704759839531606,0.00653453749653238,0.00638430395515416,0.0191017145261386,0.034145088533222,0.0269077862891496,0.0156888533984687,0.00111374077683419,0,0.00401880141010576,0.00561470313957103,0.00209038044924176,0.00217394656100156
Desulfarculia,0,0,0,0,0,0,0,0,0,0,0,0,0,0,0,0,0,0,0,0,0,0,0,0,0,0,0,0,0,0,0,0,0,0,0,0,0,0,7.78907193207929e-05,9.06248583986587e-05,0,0,0,0,0,0,0,0,0,0,0,0,0,0,0
Desulfitobacteriia,0,0,0,0,0,0,0,0,0,0,0,0.00163845910368839,0.00238680116378334,0.00181435657897277,0.000687243546985224,0,0,0,0,0,0,0,0,0,0,0,0.00072173045490246,0.000874641943454398,0.000937543635674533,0.000463499420625724,0,0,0,0.000196241966344503,0,0,0,0,0,0,0.00038874065697171,0,0,0,0,0,0,0,0,0,0,0,0.000932545850170967,0.000494089924366235,0
Desulfobaccia,0,0,0,0,0,0,0,0,0,0,0,0,0,0,0,0,0,0,0,0,0,0,0,0,0,0,0,0,0,0,0.00118023941999663,0,0,0.000269832703723691,0,0.000716315825958361,0.00164010411095661,0.00321643958007594,0.00459555243992678,0.00265077710816077,0.00256215433004082,0.00310913047984247,0.000379486067440095,0,0.000289184499710815,0,0,0,0,0,0,0.00150411280846063,0.00190394777743239,0.00068412451066094,0.000462541821489693
Desulfobacteria,0,0,0,0,0,0,0,0,0,0,0,0,0,0,0,0,0,0,0,0,0,0,0,0,0,0,0,0,0,0,0,0,0,0,0,0,0,0,0,0,0,0,0,0,0,0,0,0,0,0,0,0,0.000271992539633199,0,0
Desulfobacterota Phylum,0,0,0,0,0,0,0,0,0,0,0,0,0,0,0,0,0,0,0,0,0,0,0,0,0,0,0,0,0,0,0,0,0,0,0,0,0,0,0,0,0,0,0,0,0,0,0,0,0,0,0,0,0,0,7.70903035816155e-05
Desulfobulbia,0,0,0,0,0,0,0,0,0,0,0,0,0,0,0,0,0,0,0,0,0,0,0,0,0,0,0,0,0,0,0.000214588985453932,0,0,0,0,0,0,0,0.000214199478132181,0.000226562145996647,0.000159030268761154,0.000138183576881888,0,0,0,0,0,0,0,0,0,0.00138660399529965,0.00128225054398508,0.000456083007107294,0.000185016728595877
Desulfomonilia,0,0,0,0,0,0,0,0,0,0,0,0,0,0,0,0,0,0,0,0,0,0,0,0,0,0,0,0,0,0,0.000306555693505618,0,0,0,0,0.000184855697021513,0.000980497022854494,0.00245700245700246,0.00136308758811388,0.000974217227785582,0.000901171522979874,0.00150274639859053,0.000189743033720048,0,0,0,0,0,0,0,0,0.000564042303172738,0,0.000171031127665235,0.000185016728595877
Desulfotomaculia,0,0,0,0,0,0,0,0,0,0,0.000546209307406598,0.00227150012102255,0.00153312775483893,7.72066629350113e-05,6.06391364986963e-05,0,0,0,0,0,0,0,0,0,0,0,0.00159205247404954,6.55981457590799e-05,0,0.000193124758594052,0,0,0,0,0,0,0,0,0,0,0,0,0,0,0,0,0,0,0,0,0,0,0,0,0
Desulfuromonadia,0,0,0,0,0,0,0,0,0,0,0,0,0,0.000154413325870023,0,0.000353145713354341,0.000276069770360146,0.000253461331305643,0.000376260472583154,0,0,0,0,0,0,0.000300435631665916,0.000467002059054533,0,0.000119686421575472,9.65623792970259e-05,0.000413850186232584,0,0.000332911645249351,0.000637786390619634,0.000175291665855131,0.000300390507659958,0.000998324241451849,0.00359615814161269,0.00810063480936246,0.00464452399293126,0.00302157510646193,0.00381732131136214,0,0,0,0,0,0,0,0,0,0.00192714453584019,0.00114625427416848,0.00066512105203147,0.000323779275042785
Dethiobacteria,0,0,0,0,0,0,0,0,0,0,0,0.000446852482824108,0.000644610533284552,0.000115809994402517,0,0,0,0,0,0,0,0,0,0,0,0,0,0.00017492838869088,0,0,0,0,0,0,0,0,0,0,0,0,0,0,0,0,0,0,0,0,0,0,0,0,0,0,0
DG-23,0,0,0,0,0,0,0,0,0,0,0,0,0,0,0,0,0,0,0,0,0,0,0,0,0,0,0,0,0,0,0,0,0,0,0,0,0,0,0,0,0,0,0,0,0,8.41485221415799e-05,0,0,0,0,0,0,0,0,7.70903035816155e-05
Dojkabacteria,0,0,0,0,0,0,0,0,0,0,0,0,0,3.86033314675056e-05,0.000101065227497827,0,0,0,0,0,0,0,0,0,0,0,0,0,0,0,0,0,0,0,0,0,0,0,0,0,0,0,0,0,0,0,0,0,0,0,0,0,0,0,0
Dormibacteria,0.0623813002191381,0.0834589404343214,0.0820766080462539,0.0904759103476676,0.117704737998117,0.147858300532531,0.172028445648493,0.106684571769621,0.0441626982923352,0.0215846079416471,0.0227223071881145,0.0255450669347782,0.0202616770327009,0.0194946823910903,0.0234269197339963,0,0,0,0,0,0,0,0,0,0,0,0,0,0.000199477369292454,0.000193124758594052,0.00297359022700449,0.066116569350722,0.0727411944869832,0.0763135946622185,0.157080809457959,0.0651847401622109,0.0187185795272222,0.00944829126647308,0.0113720450208358,0.0098781095654538,0.0144010743378156,0.0313158531108578,0.00574650330695002,0.00520913602317911,0.00631756907060551,0.00955085726306932,0.0100974427303228,0.00727237467274314,0,0.00120655250823704,0,0,0.000796549580354367,0.000608110676143058,0.00064755855008557
Doudnabacteria,0.000125221746843368,0,0,0,0,0,0,0,0,0,0,0.000148950827608036,0.000470391470234673,0.000694859966415102,0,0,0,0.000158413332066027,0,0,0,0,0,0,0,0,0.000934004118109066,0.00177114993549516,0.000678223055594343,0.000328312089609888,0,0,0,0,0,0,0,0,0,0,0,0,0,0,0,0,0,0,0,0,0,0,0.000271992539633199,0.000266048420812588,0.000262107032177493
DSM-12270,0,0,0,0,0,0,0,0,0,0,0,0.00258802062968962,0.00106273628460426,0.000328128317473798,0.000444687000990439,0,0,0,0,0,0,0,0,0,0,0,0.000997686217071048,0.00015306234010452,0.000179529632363208,0,0,0,0,0,0,0,0,0,0,0,0,0,0,0,0,0,0,0,0,0,0,0,0,0,0
Elusimicrobia,0,0,0,0,0,0,0,0,0,0,0,0.00016756968105904,0,0,0,0.000923611865695969,0.000276069770360146,0,0.000627100787638589,0,0,0,0,0,0.00102951269732327,0.00184016824395373,0.00284446708696852,0.00133382896376796,0.000638327581735852,0.000308999613750483,0.0014408117594764,0.00052445718681165,0,0.000417014178482068,0.00144128703036441,0.00561499179702844,0.00322672656612115,0.00198793835157472,0.00235619425945399,0.0015406225927772,0.00187302316540915,0.00475006045531489,0.00119267049766887,0.00440773048115156,0.00275837522801086,0.00012622278321237,0.000128425344741785,0,0,0,0.00709253845785211,0.00829612220916569,0.00590612371774946,0.00106419368325035,0.00132595322160379
Endomicrobia,0,0,0,0,0,0,0,0,0,0,0,0,0,0,0,0,0,0,0,0,0,0,0,0,0,0,6.36820989619818e-05,0,0,0,0,0,0,0,0,0,0,0,0,0.000113281072998323,0.000141360238898804,0,0,0,0,0,0,0,0,0,0,0,0,0,0
Eremiobacteria,0.0298236460398623,0.0609613130128957,0.0612382558419658,0.0534933427456517,0.00421634766237841,0.00717758740449178,0.028502088271814,0.0605789316621904,0.0597531013982832,0.0407130363588999,0.0317529677372369,0.0204807387961049,0.0179097196815276,0.0158080642359436,0.0146544579871849,0,0,0,0,0,0,0,0,0,0,0,0,0,0,0,0.00203859536181236,0.0027971049963288,0.00509354817231507,0.00235490359613403,0.00260989813606529,0.00228758925064122,0.00142617748778836,0.00129551038641948,0.00054523503524555,0.000158593502197653,0.000724471224356369,0.0013472898745984,0.00420145288951534,0.00268162623678451,0.00395960314988655,0.00191437887872094,0.00269693223957748,0.00295743236691554,0.00197284982854996,0,0,0.000423031727379553,0.000563413117811626,0.000532096841625176,0.000354615396475431
Eremiobacterota Phylum,0,0,0,0,0,0,0,0,0,0,0,0,0,0,0,0,0,0,0,0,0,0,0,0,0,0,0,0,0,0,0,0,0,0,0,0,0,0,5.84180394905947e-05,0.000634374008790611,0.000565440955595215,0.000138183576881888,0,0,0,0,0,0,0,0,0,0,0,0,0
FAC87,0,0,0,0,0,0,0,0,0,0,0,0.000111713120706027,0,0,0,0,0,0,0,0,0,0,0,0,0,0.000525762355415352,0.00036086522745123,6.55981457590799e-05,0.000139634158504718,0,0.000107294492726966,0,0,0,0,0,0,0,0,0,0,0,0,0,6.67348845486497e-05,0,0,0,0,0,0,0.000329024676850764,0.000446844886540255,0.000323058796701,0
Fibrobacteria,0,0,0,0,0,0,0,0,0,0,0,0,0,0,0,0.000162990329240465,0,0,0.000200672252044349,0,0,0,0,0,9.80488283165016e-05,0,0.000233501029527267,6.55981457590799e-05,9.97386846462269e-05,0.000173812282734647,0.000321883478180899,0,0,0,5.84305552850437e-05,0,0,0,0,0,0,0,0,0,0,0,0,0,0,0,0,0.000658049353701528,0,0,7.70903035816155e-05
Fimbriimonadia,0,0,0,0,0,0,0,0,0,0,0,0,0,0,0,0.000488970987721395,0.000401556029614757,0.000348509330545259,0.000250840315055436,8.94794532805405e-05,0,0.000279004882585445,0,0.000761759664825747,0.000735366212373762,0.000413098993540634,0.000275955762168588,8.74641943454398e-05,0.000119686421575472,0.000579374275782155,0.00101163378856854,0.00223768399706304,0.00236367268127039,0.00267379679144385,0.000642736108135481,0.00207962659149202,0.00139052305059365,0.000737100737100737,0.000545235035245551,0.000589061579591282,0.000795151343805771,0.00155456523992124,0,0.000400702771013778,0.000444899230324332,0.000441779741243294,0.000160531680927231,0,0,0,0,0.000446533490011751,0,0.000247044962183117,0.000308361214326462
FW602-bin22,0,0,0,0,0,0,0,0,0,0,0,0,0,0,0,0.000597631207215039,0.000100389007403689,0.000633653328264107,0,0.00386998635438337,0.00317369753592697,0,0,0,0,0,0,0,0,0,0,0,0,0,0,0,0,0,0,0,0,0,0,0,0,0,0,0,0,0,0,0,0,0,0
Gammaproteobacteria,0.134321193780653,0.124993021827723,0.11433389544688,0.100731415573465,0.0252392532161908,0.0441768927992591,0.159329495428378,0.232766338406446,0.189177712396494,0.147110267574709,0.120457359260068,0.0775661434768847,0.0641823028275754,0.0538516473971704,0.0637317324601298,0.112354666956427,0.080762956456268,0.084402623324779,0.0787889429589124,0.028633425049773,0.0576614484898192,0.117275052313415,0.165458263617773,0.162889608328572,0.110206883027748,0.0586976115367282,0.057228979600501,0.0404740559333522,0.027069079012986,0.0273271533410583,0.0764396621756257,0.0258732212160414,0.0219388774219322,0.0278908894667125,0.0359932220555869,0.0547866072047508,0.0643384319178522,0.105673442037078,0.143611013747712,0.157234129321673,0.140900818122383,0.100632189864235,0.0548086305974195,0.0638042104614246,0.0531654580237576,0.0321868097191543,0.0471802610245132,0.100552700475129,0.10681572643149,0.0553621977817996,0.0709733071356688,0.0754171562867215,0.0570795772458813,0.0385960244764547,0.0303735796111565
GCA-002687715,0,0,0,0,0,0,0,0,0,0,0,0,0,0,0,0.00171139845702488,0.0011293763332915,0,0.00117894948076055,0.000939534259445675,0.00242484755553971,0.00302255289467566,0,0,0,0,0.000169818930565285,0.000284258631622679,0.000219425106221699,0.000366937041328698,0,0,0,0,0,0,0,0,0,0,0,0,0,0,0,0,0,0,0,0,0,0,0,0,0
Gemmatimonadetes,0.0132943754565376,0.00837380673254061,0.00686581546615273,0.00529442908406377,0.00656965798556636,0.0139384116693679,0.0148436618128457,0.0188998308962499,0.0120719463738664,0.00353540992147669,0.00247614886024325,0.00344448788843583,0.00297914597815293,0.00318477484606922,0.00375962646291917,0.0121156144735412,0.0169406449993726,0.0130849412286538,0.014398234084182,0.00914927409793526,0.0173661876404094,0.0245989304812834,0.017661275329987,0.00374531835205993,0.00112756152563977,0.00168995042812078,0.00295060391857182,0.00255832768460411,0.0019349304821368,0.00274237157203554,0.0108367437654236,0.0154889689171707,0.0136493774552234,0.0173428837756954,0.0555479812243149,0.0139797120872519,0.0030127999429529,0.00174223810587447,0.00196674066285002,0.00167655988037519,0.00265050447935257,0.00969012332884237,0.0117911742383172,0.0101408624356564,0.0111669706811407,0.0255811507310403,0.0452699340214791,0.0274895762629691,0.00728075531964864,0.00329481646480115,0,0.00199764982373678,0.00155424308361828,0.00142525939721029,0.00195809371097303
Gracilibacteria,0,0,0,0,0,0,0,0,0,0,0,0,0,0,0,0.000217320438987287,0.000225875266658301,0.000316826664132053,0.000100336126022174,0.000313178086481892,0.000427914274507007,0,0,0,0,0.00108907916478894,0.00263219342376191,0.000896507992040758,0.00025932058008019,0.000328312089609888,0,0,0,0,0,0,0,0,0,0.000113281072998323,0.000265050447935257,0,0.000243955329068633,0.000770582251949573,0.000622858922454064,0,3.21063361854462e-05,0,0,0,0,0.000822561692126909,0.00064112527199254,0.00127323172817453,0.000339197335759108
GWA2-38-11,0,0,0,0,0,0,0,0,0,0,0,0,0,0,0,0,0,0,0,0,0,0,0,0,0,0,0,0,0,0,0,0,0,0,0,0,0,0,0,0,0,0,0,0,0,0,0,0,0,0,0,0,0.000388560770904569,0.00102618676599141,0.0028677592932361
GWE2-31-10,0,0,0,0,0,0,0,0,0,0,0,0,0,0,0,0,0,0,0,0,0,0,0,0,0,0,0,0,0,0,0,0,0,0,0,0,0,0,0,0,0,3.45458942204719e-05,0,0,0,0,0,0,0,0,0,0,0,0,0
Halanaerobiia,0.0026505269748513,0.00535923630882599,0.00510720308359431,0.00849069553110967,0,0,0,0,0.000242652188419424,0.00126530460347587,0.00597188842764547,0.0231059971326966,0.0369344413665743,0.030612441853732,0.0134618883027106,0.00108660219493643,0.00140544610365165,0.00123562399011501,0.00140470576431044,0,0,0,0,0,0,0.00180261378999549,0.00825744549873697,0.015306234010452,0.0140831022720472,0.00755117806102742,0,0,0,0,0,0,0,0,0,0,0,0,0,0,0,0,0,0,0,0,0,0,0,0,0
Holophagae,0.002379213190024,0,0,0,0.00125509883903357,0.00171335957397546,0.00316062761033977,0.0017407738983388,0.00154690770117383,0.000893156190688847,0.00101959070715898,0.000875086112197211,0.000540079095454625,0.000810669960817619,0.000828734865482182,0,0,0,0,0,0,0,0,0,0,0,0,0,0,0,0.000444505755583146,0,0,0,0.000564828701088756,0.000346604431915336,0,0.000134018315836498,0,0,0,0.000293640100874011,0,0,0,0,0.0002086911852054,0,0,0,0,0.000211515863689777,0.000271992539633199,0,0.000123344485730585
Hydrogenedentia,0,0,0,0,0,0,0,0,0,0,0,0.00109851235360926,0,0,0,0.000488970987721395,0.000501945037018446,0.000285143997718848,0.000501680630110871,6.71095899604053e-05,0,0,0,0,0,0,0.00218641873102804,0,5.98432107877361e-05,9.65623792970259e-05,0.00035253904753146,0.00027971049963288,0,0.000441544424275131,7.7907407046725e-05,0,0,0.000491400491400491,0.00132414222845348,0.00101952965698491,0.000229710388210556,0.000656371990188966,0.00043369836278868,0,0.000400409307291898,0,0,0,0,0,0.000670915800067092,0.000211515863689777,0.00231193658688219,0.00136824902132188,0.000477959882206016
Iainarchaeia,0,0,0,0,0,0,0,0,0,0,0,0,0,0,0,0,0,0,0,0,0,0,0,0,0,0,0,0,7.97909477169815e-05,0,0,0,0,0,0,0,0,0,0,0,0,0,0,0,0,0,0,0,0,0,0,0,0,0,0
Ignavibacteria,0,0,0,0,0,0,0,0,0,0,0,0,0,0,0.000242556545994785,0.000923611865695969,0.00150583511105534,0.000887114659569749,0.00130436963828827,0,0,0,0,0,0,0.000262881177707676,0.00227132819631068,0.00721579603349879,0.0197482595599529,0.0228659714175357,0.00134884505142472,0.00076920387399042,0.000765696784073507,0.000539665407447383,0,0,0,0,0.000739961833547533,0.00233359010376546,0.00641422084003322,0.0019691159705669,0.000921609020925946,0,0.000956533345197313,0,0,0,0,0,0.000143767671442948,0.000235017626321974,0.00324448243705316,0.00971076735965946,0.0206756194205893
J058,0,0,0,0,0,0,0,0,0,0,0,0,0,0,0,0.00103227208518961,0.000577236792571213,0.000538605329024491,0.000451512567099784,0.00232646578529405,0.00121242377776985,0,0,0,0,0,0.000106136831603303,8.74641943454398e-05,5.98432107877361e-05,0.000115874855156431,0,0,0,0,0,0,0,0,0,0,0,0,0,0,0,0.000483854002314084,0.000305010193761739,0,0,0,0,0,0,0,0
JABDET01,0,0,0,0,0,0,0,0,0,0,0,0,0,0,0,0,0,0,0,0,0,0,0,0,0,0,0,0,0,0,0,0,0,0,0,0,0,0,0,0,0,0,0,0,0,0,0,0,0,0,0,0.000141010575793184,0,0,0
JACOTG01,0,0,0,0,0,0,0,0,0,0,0,0,0,0,0,0,0,0,0,0,0,0,0,0,0,0,0,0,0,0,0,0,0,0,0,0,0,0,0,0,0,0,0,0,0,0.000147259913747765,0,0,0,0,0,0,0,0,0
JACPWU01,0,0,0,0,0,0,0,0,0,0,0,0,0,0,0,0,0,0,0,0,0,0,0,0,0,0,0,0,0,0,3.06555693505618e-05,0,0,0,0,0,0,0,0,0,0,0,0,0,0,0,0,0,0,0,0,0,0.000349704693814113,0.000171031127665235,9.25083642979386e-05
JADJOY01,0,0,0,0,0,0,0,0,0,0,0,0,0,0,0,0,0,0,0,0,0,0,0,0,0,0,0,0,0,0,0,0,0,0,0,0,0,0,0,0,0,0,0,0,0,0,0.000176584849019954,0,0,0,0,0,0,0,0
JAEDAM01,0,0,0,0,0,0,0,0,0,0,0,0,0,0,0,0,0,0,0,0,0,0,0,0,0,0,0,0,0,5.79374275782155e-05,0,0,0,0,0,0,0,0,0,0,0,0,0,0,0,0,0,0,0,0,0,0,0,0,0
JAHITG01,0,0,0,0,0,0,0,0,0,0,0,0,0,0,0,0,0,0,0,0,0,0,0,0,0,0,0,0,0,0,0,0,0,0,0,0,0,0,0,0,5.30100895870514e-05,0,0,0,0,0,0,0,0,0,0,7.05052878965922e-05,9.71401927261424e-05,0.000152027669035765,3.08361214326462e-05
JAJSAM01,0,0,0,0,0,0,0,0,0,0,0,0,0,0,0,0.00298815603607519,0.00429163006650772,0.00465735196274118,0.00479105001755882,0.0160839317271771,0.0137645758299754,0.00651011392699372,0.00237032905744562,0,0,0.000413098993540634,0.000870322019147085,0.000655981457590799,0.000638327581735852,0.000405561993047509,0.000751061449088763,0,0,0,0,0,0,0,0,0,0,0,0.000406592215114388,0,0.000422654268808115,0.00824655516987483,0.00829948790393784,0.00286046737127897,0.00173798675372258,0,0,0,0.000563413117811626,0.000304055338071529,0.000508796003638662
JAJVIF01,0,0,0,0,0,0,0,0,0,0,0,0,0,0,0,0,0,0,0,0,0,0.000465008137642409,0,0,0,0,0.000148591564244624,4.37320971727199e-05,0,7.72499034376207e-05,0,0,0,0,0,0,0,0,0,0,0,0,0.000135530738371463,0,0,0,3.21063361854462e-05,0.000339377484728013,0,0,0,0,0,0,0
Kapabacteria,0,0,0,0,0,0,0,0,0,0,0,0.000763372991491184,0,0.00013511166013627,8.08521819982617e-05,0.000298815603607519,0.000501945037018446,0.000126730665652821,0.000501680630110871,4.47397266402702e-05,0,0,0,0,0.000931463869006765,0.0028541385008262,0.0015071430087669,0.000524785166072639,0.000658275318665097,0.000251062186172267,0.000505816894284269,0.0038460193699521,0.00519342166588987,0.00353235539420105,0,0,0,0.000446727719454992,0.00307668341317132,0.0060945217273098,0.00286254483770078,0.0017791135523543,0.000867396725577361,0.000308232900779829,0.00071183876851893,0,0,0,0,0,0,0.00253819036427732,0.00551756294684489,0.00195735623883547,0.0014030435251854
Kazan-3B-28,0,0,0,0,0,0,0,0,0,0,0,0,0,0,0,0,0,0,0,0,0,0,0,0,0,0,0,0,3.98954738584908e-05,0,0,0,0,0,0,0,0,0,0,0,0,0,0,0,0,0,0,0,0,0,0,0,0,0,0
Kiritimatiellia,0,0,0,0,0,0,0,0,0,0,0,0,5.22657189149637e-05,0,0,0,0,0,0,0,0,0,0,0,0,7.51089079164789e-05,6.36820989619818e-05,0,0,0,0,0,0,0,0,0,0,0.000335045789591244,0.000292090197452974,0,0.000106020179174103,0,0.000379486067440095,0.000554819221403693,0.00115673799884326,0,0,0,0,0,0,7.05052878965922e-05,0,0,0
Koll11,0,0,0,0,0,0,0,0,0,0,0,0,0,0,0,0.000108660219493643,0.000627431296273058,0.000887114659569749,0.000326092409572066,0,0,0,0,0,0.00122561035395627,0.000938861348955986,0.00159205247404954,0.00019679443727724,0,9.65623792970259e-05,0.000367866832206741,0.00013985524981644,0,0.000122651228965314,0,0,0,0.000111681929863748,0.000233672157962379,0.00126874801758122,0.00075981128408107,0.000207275365322831,0.000135530738371463,0.000123293160311932,0.000222449615162166,0,0,0,0,0,0,0.00244418331374853,0.00287534970469381,0.000874159096955646,0.000524214064354985
Krumholzibacteria,0,0,0,0,0,0,0,0,0,0,0,0,0,0,0,0,7.5291755552767e-05,0,5.01680630110871e-05,0,0,0,0,0,0,0,0,0,0,0,0,0,0,0,0,0,0,0,0,0,0,0,0,0,0,0,0,0,0,0,0,0,0,0,0
Kryptonia,0,0,0,0,0,0,0,0,0,0,0,0,0,0,0,0,0,0,0,0,0,0,0,0,0,0,0,0,0,0,0,0,0,0,0,0,0,0,0,6.79686437989941e-05,0,0,0,0,0,0,0,0,0,0,0,0,0,0,0
Ktedonobacteria,0.0474173014713555,0.0546251325852733,0.0550710672127198,0.0637684569680569,0.000882491371195482,0.000138921046538551,0,0.00770914154978613,0.102823864842731,0.196606006475382,0.185820406379725,0.0942672550224357,0.0418996846634959,0.0258063270860275,0.0317344814343177,0.00293382592632837,0.00253482243694315,0.00243956531381681,0.0019565544574324,0.00263964387177594,0.0050993117712085,0.00548709602418042,0,0,0.000147073242474752,0,0.00104014094971237,0.000568517263245359,0.000678223055594343,0.000424874468906914,0.028049845955764,0.00283206880878291,0.0115520340901525,0.00556836579502527,0.00185030091735972,0.00353536520553643,0.0130495240132635,0.0224480679026134,0.023873505471823,0.0123023245276179,0.00955948615553161,0.0168065775382596,0.0292475333405616,0.0250593348334001,0.0300306980468924,0.00157778479015462,0.00155715730499414,0.00126054494327548,0.00375780919723801,0.0254304144043807,0.106483921982077,0.122185663924794,0.0809954926950575,0.0242484132112044,0.0223407699779522
Lentisphaeria,0,0,0,0,0,0,0,0,0,0,0,0,0,0,0,0,0,0,0,0,0,0,0,0,0,0,0,0,0,0,0,0,0,0,0,0,0,0,0,0,0,0,0,6.16465801559658e-05,0,0,0,0,0,0,0,0,0,9.50172931473528e-05,0
Leptospirae,0,0,0,0,0,0,0,0,0,0,0,0,0,0,0,0,0,0,0,0,0,0,0,0,0,0,0,8.74641943454398e-05,5.98432107877361e-05,0,0,0,0,0,0,0,0,0,0,0,0,0,0,0,0,0,0,0,0,0,0,0,0,0,4.62541821489693e-05
Limnochordia,0,0,0.000602264514574801,0.000666705884659882,0.000647160338876687,0,0.000395078451292471,0,0,0,0,0.000111713120706027,0,0.000193016657337528,0.000343621773492612,0,0,9.5047999239616e-05,0,0.000738205489564459,0.000427914274507007,0,0,0,0,0.000413098993540634,0,0,0,0.000173812282734647,0,0,0,0,0,0,0,0,0,0,0,0,0,0,0,0,0,0,0,0,0,0,0,0,0
Limnocylindria,0.0141917979755818,0.00929492547312008,0.00761262346422549,0.00876522148361668,0.0829149670536555,0.0623755498958092,0.0271475335816684,0.0119367353028947,0.00600564166338075,0.00506121841390346,0.00466098608986964,0.00450576253514309,0.00378055366818237,0.00314617151460171,0.00440644391890526,0.0660925785070086,0.0977537959593425,0.0981529005481101,0.0936386896101942,0.20025501644185,0.191420318796134,0.119181585677749,0.043874326082915,0.0285659874309655,0.0171095205412295,0.0139327024185068,0.00925513171580802,0.0101021144468983,0.00736071492689154,0.0103707995365006,0.0220106987937033,0.00618859480437747,0.00562620680471403,0.00652504538095472,0.0714216154100851,0.0184855697021513,0.00499162120725924,0.0027473754746482,0.00401137204502084,0.00446327427613394,0.00443517749544997,0.0131619856979998,0.0254526726661607,0.019819375520143,0.0258931352048761,0.197896286946461,0.131716244200793,0.0569669349364879,0.0158297712433651,0.00635760360109518,0.00215651507164422,0.00202115158636898,0.00299191793596518,0.0027745049599027,0.00172682280022819
Lokiarchaeia,0,0,0,0,0,0,0,0,0,0,0,0,0,0.000212318323071281,0.000990439229478706,0,0,0,0,0,0,0,0,0,0,0,0,0,0,0.000289687137891078,0,0,0,0,0,0,0,0,0,0,0,0,0,0,0,0,0,0,0,0,0,0,0,0,0
Marinamargulisbacteria,0,0,0,0,0,0,0,0,0,0,0,0,0,0,0,0,0,0,7.52520945166307e-05,0,0,0,0,0,0,0,0.00036086522745123,4.37320971727199e-05,0,0,0,0,0,0,0,0,0,0,0,0,0,0,0,0,0,0,0,0,0,0,0,0,0,0,0
Methanobacteria,0,0,0,0,0,0,0,0,0,0,0,7.4475413804018e-05,0,0,0,0,0,0,0,0,0,0,0,0,0,0,6.36820989619818e-05,0.00015306234010452,0,0,0,0.0010489143736233,0.000233038151674546,0.000269832703723691,0,0,0,6.70091579182488e-05,0.000136308758811388,0.000498436721192623,0.0018906931952715,0.00072546377862991,0,0,0,0,0,0,0,0,0,0,0,0.000152027669035765,0.000277525092893816
Methanocellia,0,0,0,0,0,0,0,0,0,0,0,0,0,0,0,0,0,0,0,0,0,0,0,0,0,0,0,0,0,0,0,0,0.00013316465809974,0.000122651228965314,0,0,0,0,0.000253144837792577,0.000113281072998323,5.30100895870514e-05,3.45458942204719e-05,0,0,0,0,0,0,0,0,0,0.000141010575793184,0,0,0
Methanomicrobia,0,0,0,0,0,0,0,0,0,0,0,0,0,0,6.06391364986963e-05,0,0.000150583511105534,0,0,0,0,0,0,0,0,0,6.36820989619818e-05,0,0,0,0,0,0,0,0,0,0,0.000134018315836498,0.000155781438641586,0.000158593502197653,7.06801194494019e-05,0.000190002418212595,0,0,0,0,0,0,0,0,0,0,0,0,0
Methanosarcinia,0.000876552227903579,8.37380673254061e-05,7.22717417489762e-05,0,0,0,0,0,9.09945706572841e-05,0,0.0011288325686403,0.00379824610400492,0.00275266119618809,0.000810669960817619,0.000303195682493481,0.00611213734651744,0.000376458777763835,0.000316826664132053,0.000426428535594241,8.94794532805405e-05,0,0,0,0.000253919888275249,0.00132365918227277,0.0055205047318612,0.0504999044768516,0.0346795530579669,0.00907622030280665,0.00326380842023947,4.59833540258426e-05,0.00010489143736233,0,0.000196241966344503,0,0,0,0.000111681929863748,0.000720489153717335,0.000362499433594635,0.000441750746558762,0.000397277783535427,5.42122953485851e-05,0.00021576303054588,0,0,0,0,0,0,0,9.40070505287897e-05,0.000466272925085483,0.000437079548477823,0.000339197335759108
Methylomirabilia,0,0,0,0,7.84436774395984e-05,0,0,0,0,0,0,9.30942672550224e-05,0,0,6.06391364986963e-05,0.0226013256546778,0.0160371439327394,0.0200868105059722,0.0201173932674459,0.038409055320672,0.0602645936597368,0.0570564984887236,0.0264454359546384,0.0082523963689456,0.00553975879988234,0.00446898002103049,0.0036086522745123,0.00360789801674939,0.00398954738584908,0.00407493240633449,0.0179948192087798,0.00146848012307262,0.00203076103602104,0.00215866162978953,0.0142570554895507,0.00757908357788202,0.00294149106856348,0.00136251954433773,0.00155781438641586,0.00113281072998323,0.00102486173201633,0.00376550247003144,0.0299522931800932,0.0353851370095244,0.0298972282777951,0.0487219943199748,0.110140786284173,0.0799961214001745,0.0209497862746019,0.010162884588612,0.00579862941486558,0.00533490011750881,0.00678038545228474,0.0056820341302117,0.00613638816509659
MHYJ01,0,0,0,0,0,0,0,0,0,0,0,0,0,0,0,0,0,0,0,0,0,0,0,0,0,0,0,4.37320971727199e-05,0,0,7.66389233764044e-05,0,0,0,0,0,0,0,0,0,0,0,0,0,0,0,8.02658404636155e-05,0,0,0,0,0,0,0,0
Micrarchaeia,0,0,0,0,0,0,0,0,0,0,0,0,0,0,0,0,0,0,0,0,0,0,0,0,0,0,0,0,0,0,0,0,9.98734935748053e-05,4.90604915861257e-05,0,0,0.000231753841765608,0.00118382845655573,0.00264828445690696,0.00246952739136345,0.0037460463308183,0.00158911113414171,0,0,0,0,0,0,0,0,0,0,0,5.70103758884117e-05,0.000524214064354985
Microgenomatia,0,0,0,0,0,0,0,0,0,0,0,3.7237706902009e-05,5.22657189149637e-05,0,8.08521819982617e-05,0.000217320438987287,0.000376458777763835,0.000380191996958464,0.000301008378066523,0,0,0,0,0,0,0.000488207901457113,0.00558279734233374,0.00537904795224455,0.00183519179749057,0.000907686365392043,7.66389233764044e-05,0,0,0,0,0,0,0,0,0,0,0,0,0,4.44899230324332e-05,0,0,0,0,0,0,0,0.00112682623562325,0.00110220060050929,0.000169598667879554
Moorellia,0,0,0,0,0,0,0,0,0,0,0,0,0.000139375250439903,0.00013511166013627,0,0,0,0,0,0,0,0,0,0,0,0,0,0,0,0,0,0,0,0,0,0,0,0,0,0,0,0,0,0,0,0,0,0,0,0,0,0,0,0,0
MSB-5A5,0,0,0,0,0,0,0,0,0,0,0,0,0,0,0,0,0.000276069770360146,0.000760383993916928,0,0,0,0,0,0,0,0.000337990085624155,0.00205905453310408,0.00205540856711784,0.000598432107877361,0.000193124758594052,0.000797044803114606,0,0,0,0,0,0,4.46727719454992e-05,0.000136308758811388,0.000158593502197653,7.06801194494019e-05,0.000138183576881888,0,0.000400702771013778,0.000155714730613516,0,0,0,0,0,0.000575070685771793,0.00427732079905993,0.00275878147342244,0.00127323172817453,0.000400869578624401
Myxococcia,0,0,0,0,0.000411829306557891,0,0.000112879557512135,0,0,0,0,0,0,0.000115809994402517,0,0.00108660219493643,0.000878403814782281,0,0.000677268850649676,0.00268438359841621,0,0.000883515461520577,0,0,0,0,0,0,0,0.000154499806875241,0.00159408960622921,0.00031467431208699,0.000632532125973767,0.000637786390619634,0.00206454628673821,0.0012708829170229,0.000124790530181481,0.000201027473754746,0.000214199478132181,0.000135937287597988,0.000159030268761154,0.00063909904307873,0.00189743033720048,0.00129457818327528,0.00218000622858922,0.0091932260439676,0.00563466200054581,0.00266653738000582,0,0,0,0.000188014101057579,0.000349704693814113,0.000152027669035765,0
Myxococcota Phylum,0,0.000111650756433875,0,0,0,0,0,0,0,0,0,0,0,0,0,8.14951646202325e-05,0.000276069770360146,0.000601970661850901,0.000326092409572066,0.000246068496521486,0,0,0,0,0,0,0,0,0,7.72499034376207e-05,0,0,0,0,0,0,0,0,0,0,0,0,0,0,0,0.00029451982749553,0,0,0,0,0,0.000376028202115159,0.000116568231271371,0,0
Nanoarchaeia,0,0,0,0,0,0,0,0,0,0,0,0,0,0,0,0.000488970987721395,0.000225875266658301,0.000316826664132053,0.000376260472583154,0,0,0,0,0,0,0.000563316809373592,0.00331146914602305,0.00314871099643583,0.0040892860704953,0.00569718037852452,0.000245244554804494,0,0,0,0,0,0,0,3.89453596603965e-05,0.000113281072998323,0.000848161433392822,0.000431823677755899,0.000352379919765803,0.000462349351169744,0.000556124037905414,0,0,0,0,0,0,0.00136310223266745,0.000582841156356854,0.000608110676143058,0.000755484975099832
Negativicutes,0,0,0,0.000117653979645862,0,0,0,0,0,0,0.000400553492098172,0.000670278724236162,0.00033101621979477,0.000366731648941304,0.000282982636993916,0,0,0,0,0,0,0,0,0,0,0,0.000191046296885945,0.00015306234010452,0.000239372843150945,0,0,0,0,0,0,0,0,0,0,0,7.06801194494019e-05,0,0,0,0,0,0,0,0,0,0,9.40070505287897e-05,0.000135996269816599,0,0
Nitrososphaeria,0.0408014191797976,0.0357003293697315,0.0421826066008191,0.0386101143204502,7.84436774395984e-05,0,0,0.0071123047846414,0.0151960932997664,0.00911763611328198,0.0321899351831622,0.126291682958163,0.185752365023781,0.189021212530641,0.252723707881066,0.0437085732913181,0.105559041284979,0.113392263092862,0.110118898309336,0.000111849316600676,0,0,0,0,0.00382390430434356,0.0330103650292925,0.0717484981638328,0.144928170030394,0.277473020685803,0.362630359212051,0.091077696540519,0.235795951190518,0.238364737998535,0.22521218662611,0.0577293886216232,0.143933267093375,0.120369379969337,0.0843198570471298,0.124040970518363,0.154832570574108,0.163836516883714,0.127647079144644,0.229019841700098,0.25305921154024,0.218245317435601,0.000399705480172504,0.000497648210874416,0.00799961214001745,0.0563201653436047,0.0449208779989791,0.0291369147457708,0.0770152761457109,0.206131488964874,0.362566987191669,0.468200249772584
Nitrospinia,0,0,0,0,0,0,0,0,0,0,0,0,0,0,0,0,0,0,0,0,0,0,0,0,0,0,0,0,0,0,0,0,0,0,0,6.93208863830672e-05,8.91360929867722e-05,0,0,0.000181249716797317,0,0.000138183576881888,0,0,0,0,0,0,0,0,0,0,0,0,0
Nitrospiria,0.000229573202546176,0,0,0,0,0,0,0,0.000818951135915557,0.000558222619180529,0,0.000111713120706027,0,0,0,0.00480821471259372,0.00170661312586272,0.00224946931533758,0.00178096623689359,0,0,0,0,0.0308512664254428,0.0209334248455731,0.00604626708727655,0.00333269651234371,0.00161808759539064,0.000957491372603778,0.00200849748937814,0.00464431875661011,0.00013985524981644,0,0,0,0.000184855697021513,0.000196099404570899,0,0,0.000135937287597988,7.06801194494019e-05,0,0.00401170985579529,0.00332891532842216,0.00449348222627575,8.41485221415799e-05,0.000160531680927231,0.00106661495200233,0.00230165813330828,0.0110445960369391,0.00920113097234868,0.00350176263219741,0.00192337581597762,0.00133024210406294,0.0020660201359873
Oligoflexia,0,0,0,0,0,0,0,0,0,0,0,7.4475413804018e-05,0,0,0,0.000244485493860698,0,0,0,0,0,0,0,0,0,0.000638425717290071,0.000424547326413212,0.000349856777381759,0.000299216053938681,0,0,0,0,0,0,0,0,0,0,0,0.000318060537522308,0,0,0,0,0,0,0,0,0,0,0,0,0,0.000154180607163231
Omnitrophia,0,0,0,0,0,0,0,0,0,0,0,0,0,0,0,0.000108660219493643,0,0,0.000301008378066523,0,0,0,0,0,0,0.000375544539582394,0.00152837037508756,0.00266765792753592,0.00155592348048114,0.000926998841251448,0.000183933416103371,0,0,0,0,0,0,0,0,0,0,0,0,0.000277409610701846,0.000133469769097299,0,0,0,0,0,0,0.00110458284371328,0.00124339446689462,0.000627114134772529,0.000231270910744847
Omnitrophota Phylum,0,0,0,0,0,0,0,0,0,0,0,0,0,0,0,0,0.000376458777763835,0,5.01680630110871e-05,0,0,0,0,0,0,0,0.000297183128489248,0.00013119629151816,0,0,0.000137950062077528,0,0,0,0,0,0,0,0,0,0,0,8.13184430228776e-05,0,0,0,0,0,0,0,0,7.05052878965922e-05,0.00104911408144234,0.000741134886549352,0.000231270910744847
Paceibacteria,0,0,0,0,0,0,0,0,0,0,0,0,0,0,0,0.000597631207215039,0.000451750533316602,0.000285143997718848,0.000275924346560979,0,0,0,0,0,0,0.000187772269791197,0.00354497017555032,0.00306124680209039,0.00261315353773114,0.00056006179992275,0,6.992762490822e-05,6.65823290498702e-05,0.000147181474758377,0,0,0,0,0,0,0.000194370328485855,0,8.13184430228776e-05,0.00021576303054588,0,0,0,0,0,0,0,0.000117508813160987,0.000388560770904569,0.000494089924366235,0.00124886291802217
Palsa-1180,0.000459146405092351,0,0,0,0,0,0,0,0,0,0,0,0.000278750500879806,0,0,0.000597631207215039,0.00042665328146568,0.000601970661850901,0,0,0,0,0,0.000317399860344061,0.00171585449553878,0.00439387111311402,0.00275955762168588,0.00118076662366344,0.000379007001655662,0,0.00203859536181236,0.00087409531135275,0.000798987948598442,0.00260020605406466,0,0,7.13088743894178e-05,0.00104981014071923,0.00368033648790747,0.00548280393311885,0.00454119767462407,0.00172729471102359,0.00159926271278326,0.00132540147335327,0.00171286203674868,0,0,0,0,0,0.00215651507164422,0.0133960047003525,0.0182235001554243,0.00476986811599711,0.00197351177168936
Patescibacteria Phylum,0,0,0,0,0,0,0,0,0,0,0.000254897676789746,0.00037237706902009,0.000104531437829927,0.000173714991603775,0.00181917409496089,0,0.000150583511105534,0,0.000100336126022174,0,0,0,0,0,0,0.000300435631665916,0.00222887346366936,0.00111516847790436,5.98432107877361e-05,0.000540749324063345,0.000229916770129213,0,0,0,0,0,0,0,0,0,0,5.18188413307078e-05,0.00173479345115472,0.000924698702339488,0.00209102638252436,0,0,0,0,0,0,0.000305522914218566,0.00176795150761579,0.00106419368325035,0.000277525092893816
PGYV01,0,0,0,0,0,0,0,0,0,0,0,0,0,0,0,0,0,0,0,0,0,0,0,0,0,0,0,0,0,0,0.000137950062077528,0,0,0,0,0,0,0,0,0.000294530789795641,0.000229710388210556,0.000103637682661416,0,0,0,0,0,0,0,0,0,0,0.00120453838980417,0.000114020751776823,0
Phycisphaerae,0.00732547219033705,0.00139563445542344,0.00202360876897133,0.00201972665058729,0.000235331032318795,0,0.000338638672536404,0.00323286581120064,0.0207770936334132,0.0130251944475457,0.00440608841307989,0.00350034444878884,0.0027352392898831,0.00164064158736899,0.00135427404847088,0.0158915571009453,0.00875894089597189,0.0083008586002598,0.0100085285707119,0.00261727400845581,0.00402952608494098,0.00372006510113927,0.0182189998140918,0.0271059480733828,0.015638788116482,0.00608382154123479,0.00505211318431722,0.00360789801674939,0.00289242185474058,0.00380455774430282,0.0123541944482764,0.00409076605713087,0.00396164857846727,0.00414561153902762,0.00428490738756987,0.0128936848672505,0.00957321638677933,0.00714764351127987,0.00578338590956888,0.0049390547827269,0.00300390507659958,0.00877465713199986,0.0129567385883118,0.0181857411460099,0.0189304622503003,0.00262964131692437,0.00699918128842727,0.00378163482982643,0.00897176945840575,0.0100236669915077,0.00670915800067092,0.00667450058754406,0.0075769350326391,0.00505491999543917,0.0050725419756703
PLA2,0,0,0,0,0,0,0,0,0,0,0,0,0,0,0,0.00198304900575899,0.0044924080813151,0.00316826664132053,0.00454020970250339,0.00939534259445675,0.00752415932674821,0.00381306672866775,0.00223089793641941,0,0,0,0.00036086522745123,0.000437320971727199,0,0.000328312089609888,0,0,0,0,0,0,0,0,0,0,0,0,0,0,0,0,0,0,0,0,0,0,0,0,0
Planctomycetia,0.0817698006887196,0.0743314910958522,0.0734521801975428,0.0759848618546189,0.0409279887041104,0.0499652697383654,0.0606727621627723,0.131602506714414,0.128787649003609,0.0672472181906144,0.0444614376228971,0.0252657841330131,0.01442533842053,0.0158659692331448,0.0183534453136054,0.0753558622188417,0.0796837746266784,0.0881411779615372,0.0835799929764712,0.0101559179473413,0.012944406803837,0.0271099744245524,0.0792898308235732,0.133244461372437,0.109324443572899,0.0591482649842271,0.0288479908297778,0.0163120722454245,0.0112704713650236,0.0169949787562766,0.132370748455726,0.122093633089752,0.12034755975764,0.124834420840897,0.0730576709580664,0.0898167617903274,0.092594573394659,0.054679472861291,0.0499863691241189,0.0349132266980833,0.0318237237820932,0.0796282861781877,0.0910495500379486,0.110624788089881,0.11071317346621,0.0694014936362679,0.0501340439535743,0.0843595462038204,0.228005073042416,0.231240428790199,0.126946853884123,0.0772972972972974,0.0545733602735468,0.0378358861312759,0.0402719745910359
Planctomycetota Phylum,0.000918292810184702,0.00108859487523028,0.000409539869910865,0.000745141871090456,0.00151004079071227,0.0012039824033341,0.000790156902584942,0.000547100368049339,0.00030331523552428,0.000111644523836106,0.000473381399752385,0,0,0.000115809994402517,0,0.000488970987721395,0.000225875266658301,0.000190095998479232,0.000175588220538805,0.00183432879225108,0.000606211888884927,0.000976517089049058,0,0.000507839776550498,0,0,0,8.74641943454398e-05,0.000179529632363208,7.72499034376207e-05,0.00369399610674269,0,0,0,0.000116861110570087,0,5.34816557920633e-05,0.000178691087781997,0,0,0,5.18188413307078e-05,0.00121977664534316,0.000832228832105539,0.000978778306713529,0.0119280530135689,0.0128425344741785,0.00761175215747115,0.00178495936868805,0,0.00129390904298653,0.000681551116333725,0.00050512900217594,0.000475086465736764,0.000709230792950863
Polarisedimenticolia,0,0,0,0,0,0,0,0,0,0,0,0,0,0,0,0.000488970987721395,0.000401556029614757,0,0.00035117644107761,0.000603986309643648,0,0,0,0,0,0,0,0.000437320971727199,0.000319163790867926,0,0.000536472463634831,0,0,0,0,0,0,0,0,0,0,0,0.000596335248834436,0.000339056190857812,0.000266939538194599,0.000631113916061849,0.00118793443886151,0,0,0,0,0.000141010575793184,0,0,0
Polyangia,0.00480016696232912,0.000279126891084687,0.000529992772825825,0.000666705884659882,0.00262786319422655,0.00240796480666821,0.000733717123828875,0.0017905102954342,0.00233552731353696,0,0.00094676279950477,0.00104265579325625,0.00104531437829927,0.000829971626551371,0.000909587047480444,0.0191241986308812,0.00808131509599699,0.00716028260938441,0.00657201625445242,0.0184327673757913,0.0156188710195058,0.0142292490118577,0.00706451013199479,0.00641147717895004,0.00205902539464653,0.00172750488207901,0.00399074486828419,0.00271139002470863,0.00349085396261794,0.00281962147547316,0.00764856455296516,0.00157337156043495,0.00159797589719688,0.000981209831722514,0.0158541573340085,0.00543013610000693,0.00144400470638571,0.000960464596828233,0.000954161311679713,0.000951561013185917,0.00118389200077748,0.00380004836425191,0.00159926271278326,0.00172610424436704,0.000934288383681096,0.0348374881666141,0.0306133915528229,0.0198293416076796,0.00342900089247968,0.00129936423963989,0,0.00225616921269095,0.00338047870686975,0.00190034586294706,0.00149555188948334
Proteinivoracia,0,0,0,0.000176480969468792,0,0,0,0,0,0,0,0,0,0,0,0,0,0,0,0,0,0,0,0,0,0,0,0,0,0,0,0,0,0,0,0,0,0,0,0,0,0,0,0,0,0,0,0,0,0,0,0,0,0,0
Pseudomonadota Phylum,0,0,0,0,0,0,0,0,0,0,0,0,8.71095315249395e-05,0,0,0,0,0,0,0,0,0,0,0,0,0,0,0,0,3.86249517188103e-05,0,0.00367120030768155,0.00186430521339636,0.00328705293627042,0.0182303332489336,0.00690898167617903,0.00137269583199629,0.00055840964931874,0.00087627059235892,0.00129140423218089,0.00183768310568445,0.00411096141223616,0,0,0,0.00012622278321237,0,0,0,0,0,0,0,0,4.62541821489693e-05
PUPC01,0,0,0,0,0,0,0,0,0,0,0,0,0,0,0,0,0,0,0,0,0,0,0,0,0,0,0,0,0,0,3.06555693505618e-05,0,0,0,0,9.24278485107563e-05,8.91360929867722e-05,0,0,6.79686437989941e-05,0,0.000120910629771652,0,0,0,0,0,0,0,0,0,0,5.82841156356854e-05,0,0
RBG-13-43-22,0,0,0,0,0,0,0,0,0,0,0,0,0,0,0,0,0,0,0,0,0,0,0,0,0,0,0,0,0,0,0.00052114467895955,0,0,0,0,0,0,0.000156354701809247,0.000467344315924758,0.000589061579591282,0.000689131164631668,0.000155456523992124,0,0,0,0,0,0,0,0,0,0.00317273795534665,0.00662496114392291,0.00171031127665235,0
RBG-16-71-46,0,0,0,0,0.000117665516159398,0,0,0,0,0,0,0.000204807387961049,0.000139375250439903,0,0,0.0204552863196784,0.0199272179696323,0.0175205145265026,0.0214468469372398,0.0218777263270921,0.0415433441500553,0.0414787258777029,0.0358802751440788,0.0151717133244461,0.00955976076085891,0.00968904912122578,0.00424547326413212,0.00446067391161743,0.00492709102152361,0.00413286983391271,0.0116337885685382,0,0,0,0.000389537035233625,0,0,0,0,0,0,6.90917884409438e-05,0.00772525208717337,0.00804487871035354,0.00687369310851092,0.0379299463553171,0.0485287271443019,0.033210511005527,0.0191648269059139,0.00654322706390088,0.00412133991469785,0.00218566392479436,0.00209822816288468,0.00281251187716164,0.0026056522610586
RBS10-35,0,0,0,0.000235307959291723,0.000215720112958896,0.000555684186154202,0,0,0,0,0,0,0,0,0,0,0,0,0,0,0,0,0,0,0,0,0,0,0,0,0,0,0,0,0,0,0,0,0,0,0,0,0,0,0,0,0,0,0,0,0,0,0,0,0
Rhodothermia,0,0,0,0,0,0,0,0,0,0,0,0,0,0,0,0,0,0,0,6.71095899604053e-05,0,0,0,0,0,0,0,0,0,0,0,0,0,0,0,0,0,0,0,0,0,0,0,0,0,0,0,0,0,0,0,0,0,0,0
RPQS01,0,0,0,0,0,0,0,0,0,0,0,0,0,0,0,0.000108660219493643,0.000150583511105534,0.000380191996958464,0,0,0,0,0,0,0,0.000863752441039507,0.00263219342376191,0.00144315920669976,0.000538588897089625,0.000328312089609888,0,0,0,0,0,0,0,0,0,0,0,0,0,0,0,0,0,0,0,0,0,0.000376028202115159,0,0,0
Saccharimonadia,0.0418658040279662,0.00669904538603249,0.00570946759816912,0.00903974743612369,0.000137276435519297,0,0,0.00139261911867104,0.0235372622766842,0.0762159949387816,0.162005680576797,0.141130909158614,0.0382410843394484,0.0182786774498639,0.0179491844036141,0.00353145713354341,0.00308696197766345,0.00278807464436207,0.00225756283549892,0,0,0,9.2954080684142e-05,0.000253919888275249,0.00107853711148152,0.0123554153522608,0.0378059394170965,0.0130102989088842,0.00329137659332549,0.00227887215140981,0.00439907420180561,0.00992972273696724,0.00875557627005793,0.0100819310209488,9.73842588084062e-05,0,0.000124790530181481,0.000982800982800983,0.00827588892783425,0.0158593502197653,0.0119272701570866,0.00402459667668498,0.0083486934836821,0.00785993896988565,0.00662899853183254,0,0,0,0,0.000324841059909973,0.00575070685771793,0.0312338425381904,0.0227696611750078,0.00663220706168523,0.00299110377896668
SAR324,0,0,0,0,0,0,0,0,0,0,0,0,0,0,0,0.000244485493860698,0.000552139540720291,0.000443557329784875,0.000551848693121959,0,0,0.000325505696349686,0,0,0,0,0.000148591564244624,0,0,0.000154499806875241,0.00199261200778651,0.00125869724834796,0.0050269658432652,0.00394936957268312,0.0149582221529712,0.013448251958315,0.00410026027739152,0.00107214652669198,0.0010709973906609,0.0015406225927772,0.00217341367306911,0.00523370297440149,0.00346958690230944,0.00305150571772031,0.00231347599768652,0.000610076785526454,0.00245613471818663,0.00305439736255212,0,0,0,0.000681551116333725,0.000582841156356854,0.000190034586294706,0.000123344485730585
Sericytochromatia,0,0,0,0,0,0,0,0,0,0,0,5.58565603530135e-05,6.96876252199516e-05,0,0,0.000135825274367054,0.000125486259254612,0,0,0.000715835626244324,0.000320935705880255,0,0,0,0,0,0,0,0.000159581895433963,0,0,0,0,0,0,0,0,0,0,0,0,0,0,0.000339056190857812,0.000200204653645949,0.000357631219101715,0.0002086911852054,0,0,0,0,0,0,0,7.70903035816155e-05
SHA-98,0.000271313784827298,0.000893206051470999,0.000722717417489762,0.000666705884659882,0,0,0,0,0.000970608753677697,0.00171188269882029,0.00094676279950477,0.00016756968105904,0,0.000424636646142562,0,0,0.000200778014807379,0,0,0,0,0,0,0,0,0,0,0,7.97909477169815e-05,0,0,0,0,0,0,0,0,0,0,0,0,0,0,0,0,0,0,0,0,0,0,0,0,0,0
SM23-61,0,0,0,0,0,0,0,0,0,0,0,0,0,0,0,0,0,0,0,0,0,0,0,0,0,0,0,0,0,0,0,0,0,0,0,0,0,0,0,0,0,0,0,0,0,0,0,0,0,0,0,0.000752056404230317,0.000388560770904569,0,0
Spirochaetia,0,0,0,0,0,0,0,0,0,0,0,7.4475413804018e-05,0,0,0,0,0,0,0,0,0,0,0,0,0,0.000413098993540634,0.000191046296885945,0,7.97909477169815e-05,0,0,0.00143351631061851,0.00292962247819429,0.00206054064661728,0.000370060183471944,0.00309633292511034,0.0036010981566656,0.00178691087781997,0.00177201386454804,0.00217499660156781,0.00187302316540915,0.0041800532006771,0,0,0,0,0,0,0.00145615106392973,0,0,4.70035252643948e-05,0,0,6.16722428652924e-05
Spirochaetota Phylum,0,0,0,0,0,0,0,0,0,0,0,0,0,0,0,0,0,0,0,0,0,0,0,0,0,0,0,0,0,0,0,0,0,0,0,0,0,0,0,0,0,0.000103637682661416,0,0,0,0,0,0,0,0,0,0,5.82841156356854e-05,0,0
Sumerlaeia,0,0,0,7.84359864305744e-05,0,0,0,0,0,0,0,5.58565603530135e-05,0,0,4.04260909991308e-05,0,0.000225875266658301,0,0.000125420157527718,0,0,0,0,0,0.000490244141582508,0.000638425717290071,0.000275955762168588,0.00019679443727724,0,3.86249517188103e-05,0.000383194616882022,0,0,0,0,0,0.00016044496737619,0.000335045789591244,0.000642598434396542,0.000543749150391953,0.000229710388210556,0.000431823677755899,0.00021684918139434,0.000184939740467898,0,0,0.000128425344741785,0,0,0.000185623462805699,0,0,0.000310848616723656,7.60138345178823e-05,0
Symbiobacteriia,0,0,0,0,7.84436774395984e-05,0,0,0,0,0,0,0,0,0,0,0,0.000200778014807379,0,0,0,0,0,0,0,0,0,0,0,0,0,0,0,0,0,0,0,0,0,0,0,0,0,0,0,0,0,0,0,0,0,0,0,0,0,0
Synergistia,0,0,0,0,5.88327580796988e-05,0,0,0,0,0,0,0,0,0,0,0,0,0,0,0,0,0,0,0,0,0,0,0,0,0,0,0,0,0,0,0,0,0,0,0,0,0,0,0,0,0,0,0,0,0,0,0,0,0,0
Syntrophia,0,0,0,0,0,0,0,0,0,0,0,0,0,0,0,0,0,0,0,0,0,0,0,0,0,0,0,0,0,0,0.000551800248310112,0,0,0,0,0,0,0,0.000895743272189119,0.00181249716797318,0.00150195253829979,0.000328185995094483,0,0,0,0,0,0,0,0,0,0.000799059929494712,0.0023896487410631,0,0.000292943153610139
Syntrophobacteria,0,0,0,0,0,0,0,0,0,0,0,0,0,0,0,0,0,0,0,0,0,0,0,0,0,0,0,0,0,0,0.000659094741037078,0.0006992762490822,0.000565949796923896,0,5.84305552850437e-05,9.24278485107563e-05,0.000463507683531215,0.000893455438909984,0.00155781438641586,0.000928904798586252,0.000565440955595215,0,0.000189743033720048,0,0,0,0,0,0,0,0.00225236018593952,0.00173913043478261,0.000310848616723656,0.000627114134772529,0
Syntrophomonadia,0,0,0,9.80449830382179e-05,0,0,0,0,6.06630471048561e-05,0,0,0.00102403693980525,0.00024390668826983,0.000212318323071281,0,0,0,0,0,0,0,0,0,0,0,0,0.000191046296885945,0.000349856777381759,0,0,0,0,0,0,0,0,0,0,0,0,0,0,0,0,0,0,0,0,0,0,0,0,0,3.80069172589411e-05,0
Syntrophorhabdia,0,0,0,0,0,0,0,0,0,0,0,0,0,0,0,0,0,0,0,0,0,0,0,0,0,0,0,0,0,0,0.00087368372649101,0,0,0.000147181474758377,0,9.24278485107563e-05,0.000356544371947089,0.000737100737100737,0.000545235035245551,0.000453124291993294,0.000194370328485855,0.000431823677755899,0.000271061476742925,0,0.000111224807581083,0,0,0,0,0,0.00210859251449657,0.00192714453584019,0.00064112527199254,0.000399072631218882,0.000539632125071309
Terriglobia,0.054387978712303,0.0268799196114554,0.03035413153457,0.0226483910818284,0.00303969250078444,0.00236165779115536,0.000225759115024269,0.0089028150800756,0.0904486032333404,0.140448810985821,0.0746486053455684,0.0409242398853079,0.0271259081168662,0.0198035090428304,0.0239322458714855,0.0062751276757579,0.00288618396285607,0.00253461331305643,0.00265890733958762,0.000603986309643648,0,0.00116252034410602,0.00334634690462911,0.00907763600584016,0.0157858613589568,0.00908817785789395,0.00396951750196353,0.00170555178973608,0.0012766551634717,0.00266512166859791,0.147775172054383,0.154435159609804,0.183567481190492,0.167688760241378,0.067156184874277,0.227095223790928,0.471476450244233,0.495354031717668,0.2848853059158,0.258462096152975,0.238951813828566,0.259923308114831,0.133985687954028,0.109885029128009,0.113871958001513,0.00982433996002945,0.00427014271266435,0.00683603219237855,0.123303114284372,0.293377882964407,0.260027795083146,0.137579318448884,0.0818503263910476,0.0561172133328266,0.0571084968932608
Thermaerobacteria,0,0,0,0.000156871972861149,0,0,0,0,0,0,0,0,0,0,0,0,0,0,0.000125420157527718,0.000313178086481892,0,0,0,0,0,0,0,0,0.000139634158504718,0,0,0,0,0,0,0,0,0,0,0,0,0,0,0,0,0,0,0,0,0,0,0,0,0,0
Thermincolia,0,0,0,0,0,0,0,0,0,0,0,0,0,0,0,0,0,0,0,0,0,0,0,0,0,0,0,0,0,0,0,0,0,0,0,0,0,0,0,0,7.06801194494019e-05,0,0,0,0,0,0,0,0,0,0,0,0,0,0
Thermoanaerobaculia,0.00187832620265053,0,0,0,0.00190225917791026,0.00171335957397546,0.00349926628287617,0.00208892867800657,0.00200188055446025,0.000744296825574039,0.000582623261233705,0.000800610698393193,0.000348438126099758,0.000482541643343821,0.000404260909991308,0.0105672063457568,0.00609863219977412,0.00716028260938441,0.00642151206541915,0.00756101380220567,0.00966373069928324,0.0167402929551267,0.0121305075292805,0,0.00357878223355231,0.00262881177707676,0.00263219342376191,0.00277698817046771,0.0028126309070236,0.00363074546156817,0.0158029460002146,0.00304185168350757,0.00316266062986883,0.0036304763773733,0.0403755137019652,0.0250248399842873,0.0102863051306735,0.0057181148090239,0.0043813529617946,0.00491639856812724,0.0055660594066404,0.0118837876118423,0.00365932993602949,0.00551736892395894,0.00391511322685412,0.018323340696329,0.0282054163389145,0.0488218753030156,0.02076189581474,0.00960601420019491,0.0040734173575502,0.00474735605170388,0.0049152937519428,0.00402873322944776,0.0042708028184215
Thermodesulfovibrionia,0,0,0,0,0,0,0,0,0,0,0,0,0,0,0,0,0,0,0,0,0,0,0,0,0,0,0,0,0,0,0.0048129243880382,0.00636341386664802,0.00346228111059325,0.00365500662316636,0.000331106479948581,0.000831850636596807,0.00226405676186401,0.0106991288809471,0.0541924679674417,0.0618061534278853,0.0331843160814942,0.0190002418212595,0.000731865987205898,0.00114046173288537,0.00111224807581083,0,0,0,0,0,0.00680500311496621,0.036662749706228,0.0263444202673298,0.00733533503097564,0.00351531784332167
Thermoleophilia,0.046394657205468,0.0746943560542623,0.0782221151529752,0.0670039414083181,0.135080012550988,0.130215327622135,0.0720171576927418,0.0305381478165722,0.0147107889229276,0.00893156190688847,0.0120166047629452,0.0110037423895437,0.00864126552727399,0.0071609179872223,0.0103895053867766,0.0321634249701184,0.0311205922951437,0.038114247695086,0.0320824762955902,0.113840234436168,0.0979923688621046,0.0408277144850035,0.0165923034021194,0.00755411667618866,0.000245122070791254,0.000901306894997747,0.00473370268950731,0.00428574552292655,0.00446829307215096,0.00380455774430282,0.0232062659983753,0.0197545540365721,0.0214395099540582,0.0200166805671393,0.0390510877821709,0.0152274880421471,0.00288800941277142,0.00192092919365647,0.00249250301826537,0.00285468303955775,0.00349866591274539,0.00937921028085812,0.0182966496801475,0.0113737940387757,0.017973928905103,0.15235089933733,0.101568394522659,0.0368951808397169,0.0148903189440556,0.00236669915077266,0,0.00279670975323149,0.00182623562325148,0.00228041503553647,0.00257481613962596
Thermoplasmata,0,0.000251214201976218,0.000289086966995905,0.000176480969468792,0,0,0,0,0,0,0,3.7237706902009e-05,0,0,0,0,0,0,0,0,0,0,0,0,0,0,0,0,0,0,0.00016860563142809,0,0.000166455822624675,0,0.000818027773990612,0.000138641772766134,0,0,0,0,0,0.000276367153763775,0.000379486067440095,0,0.00131245272945678,0.00029451982749553,0.00025685068948357,0,0,0,0,0,0,0,0
Thermoplasmatota Phylum,0,0,0,0,0,0,0,0,0,0,0,0,0,0,0,0.00032598065848093,0.000301167022211068,0.000190095998479232,0.000401344504088697,4.47397266402702e-05,0,0.000232504068821204,0,0,0,0,0.000106136831603303,0,0,0.000115874855156431,0,0,0,0,0,0,0,0,0,0,0,0,0,0,0,0,0,0,0,0,0,0,0,0,0
Thermosediminibacteria,0,0,0,0,0,0,0,0,0,0,0,0.00113575006051127,0.00102789247199429,0.00111949661255766,0.000869160956481313,0,0,0,0,0,0,0,0,0,0,0.000225326723749437,8.49094652826424e-05,0.000721579603349879,0,0.000115874855156431,0,0,0,0,0,0,0,0,0,0,0,0,0,0,0,0,0,0,0,0,0,0,0,0,0
UBA10030,0,0,0,0,0,0,0,0,0,0,0,0,0,0,0,0.00184722373139194,0.00208307190362655,0.00332667997338656,0.00200672252044349,0,7.13190457511679e-05,0,0.0011154489682097,0.00209483907827081,0.00558878321404059,0.0102899203845576,0.00594366256978497,0.00236153324732688,0.00163571442819812,0.000888373889532638,0.00628439171686516,0.00195797349743016,0.00319595179439377,0.00326252269047736,0.000350583331710262,0.00265730064468424,0.00233536563625343,0.00142952870225597,0.00531604159364412,0.0068648330236984,0.00915307546869754,0.00445642035444088,0.0047164696953269,0.00366797151927997,0.00238021088223517,0.000147259913747765,0,0,0.00436845319178919,0.00552229801846954,0.0115493362725835,0.0164982373678026,0.0136384830587504,0.00693626239975676,0.00303735796111565
UBA1018,0,0,0,0,0,0,0,0,0,0.000372148412787019,0,0.00132193859502132,6.96876252199516e-05,0.000231619988805034,0.000121278272997393,0.00097794197544279,0,0,0,0,0,0,0,0,0.000294146484949505,0,0.000934004118109066,0.000502919117486279,9.97386846462269e-05,0.000444186944766319,0.00102696157324382,0,0,7.35907373791885e-05,0,0.00025417658340458,0.000374371590544443,0.000357382175563994,0.00155781438641586,0.00317187004395306,0.00417012704751471,0.00133001692748817,0,0,0,0,0,0,0,0,0.00076676091436239,0.00103407755581669,0.00318619832141747,0.00336361217741629,0.00191183952882406
UBA10199,0,0,0,0,0,0,0,0,0,0,0,0,0,0,0,0.000135825274367054,0,0.000253461331305643,0,0,0,0,0,0,0,0.000300435631665916,0.000658048355940478,6.55981457590799e-05,5.98432107877361e-05,0.000154499806875241,9.19667080516853e-05,0,0,0,0,0,0,0,0,0,0.000176700298623505,0,0.000731865987205898,0.000616465801559658,0.000867553499132446,0,0,0,0,0,0,0,0.00124339446689462,0.00068412451066094,9.25083642979386e-05
UBA10988,0,0,0,0,0,0,0,0,0,0,0,0,0,0,0,0,0,0,0,0,0,0,0,0,0,0,0,0,0,0,0,0,0,0,0.00185030091735972,0.000462139242553781,0.000196099404570899,0,0.000136308758811388,4.53124291993294e-05,0,0.000397277783535427,0,0,0,0.00021037130535395,0,0,0,0,0,0,0,0,0
UBA11346,0,0,0,0,0,0,0,0,0,0,0,0,0,0,0,0,0,0,0,0,0,0,0,0,0,0,0,0,0,0,0.000137950062077528,0.00031467431208699,0,0,0.000136337962331769,0,0.000142617748778836,0,7.78907193207929e-05,0,0,0.000103637682661416,0,0,0,0.000694225307668034,0.000545807715152585,0,9.39452299309503e-05,0,0,0,0,0,0
UBA1135,8.34811645622456e-05,0,0,0,0,0,0,0,0,0,0,0,3.48438126099758e-05,0,0,0.0148864500706291,0.0135023214957962,0.0166333998669328,0.0119901670596498,0.0310046305617073,0.0347680348036943,0.0224133922343641,0.0105502881576501,0.00387227829619755,0.00210804980880478,0.00150217815832958,0.0028020123543272,0.00150875735245884,0.0017155053759151,0.00152568559289301,0.00346407933661348,0,0,0,0,0,0,0,0,0,0,0,0.00154505041743467,0.00298985913756434,0.00164612715220003,0.0079520353423793,0.00775368018878526,0.00295743236691554,0.00277138428296303,0.00139217597104274,0,0.000211515863689777,0.00064112527199254,0.000551100300254646,0.000292943153610139
UBA1144,0,0,0,0,0,0,0,0,0,0,0,0,0,0,0,0,0,0,0,0,0,0,0,0,0,0,0,0,0,0,0.0052114467895955,0,0,0,0,0,0,0,0.000292090197452973,6.79686437989941e-05,0.000176700298623505,0,0.00287325165347501,0.00237339333600469,0.00300306980468924,0.00021037130535395,0,0,0,0.000278435194208548,0.00450472037187904,0.0463219741480611,0.0440627914205782,0.0103188780358025,0.00601304367936601
UBA1384,0,0,0,0,0,0,0,0,0,0,0,0,6.96876252199516e-05,0,0,0,0,0,5.01680630110871e-05,0,0,0,0,0,0,0,0.000169818930565285,0,0,0,0,0,0,0,0,0,0.000106963311584127,4.46727719454992e-05,0.000136308758811388,9.06248583986587e-05,7.06801194494019e-05,0,0.000379486067440095,0.00021576303054588,0.000177959692129733,0,0,0,0,0,0,7.05052878965922e-05,0.000116568231271371,0,0
UBA2361,0,0,0,0,0,0,0,0,0,0,0,0,0,0,0,0,0,0,0,0,0,0,0,0,0,0,0.000127364197923964,0.00017492838869088,0,0,0,0,0,0,0,0,0,0,0,0,0,0,0,0,0,0,0,0,0,0,0,0,0.000524557040721169,0.000513093382995705,0
UBA2394,0,0,0,0,0,0,0,0,0,0,0,0.000111713120706027,3.48438126099758e-05,0,0,0,0,0,0,0,0,0,0,0,0,0,0,8.74641943454398e-05,3.98954738584908e-05,0,0,0,0,0,0,0,0,0,0,0,0,0,0,0,0,0,0,0,0,0,0,0,0.00025256450108797,0.000152027669035765,0
UBA4738,0,0,0,0,0.000392218387197992,0,0,0,0,0,0,0,0,0,0,0.00695425404759318,0.00848287112561175,0.0076988879384089,0.00551848693121959,0.0292821510860569,0.0202189494704561,0.0124622180888166,0.00553076780070645,0,0,0.00229082169145261,0.00135855144452228,0.00115890057507708,0.000957491372603778,0.000984936268829664,0.00228383991661685,0,0,0,0,0,0,0,0,0,0,0,0.00176189959882901,0.00194186727491292,0.00200204653645949,0.0157568107710108,0.012698055961344,0.00455735479491903,0.00155009629386068,0,0,0,0,0.000171031127665235,0.000555050185787632
UBA4802,0,0,0,0,0,0,0,0,0,0,0,0,0,0,0,0,0,0,0,0,0,0,0,0,0,0,0,0,0,0,0,0,0,0,5.84305552850437e-05,0.000138641772766134,0.000178272185973544,0.000201027473754746,0.00243408497877478,0.00367030676514568,0.00602548018306151,0.00157183818703147,0,0,0,0,0,0,0,0,0,0,0,0,6.16722428652924e-05
UBA4882,0.000480016696232912,0,0.00125271019031559,0.00192168166754907,0,0,0,0,0,0,0.00233049304493482,0.0057904634232624,0.010017596125368,0.00874365457739003,0.00369898732642047,0.000543301097468217,0,0,0.000326092409572066,0,0,0,0,0,0,0.000901306894997747,0.00320533231441975,0.00566330658386723,0.00251341485308492,0.00181537273078409,0,0,0,0,0,0,0,0,0,0,0,0,0,0,0,0,0,0,0,0,0,0,0,0.000627114134772529,0.000231270910744847
UBA5377,0,0,0,0,0,0,0,0,0,0,0,0,0,0,0,0,0,0,0,0,0,0,0,0,0,0,0,0,0,0,0,0,0,0,0.000116861110570087,0,0.000106963311584127,0,0,0,0,0,0,0,0,0,0.000128425344741785,0,0,0,0,0,0,0,0
UBA5435,0,0,0,0,0,0,0,0,0,0,0,0,0.000174219063049879,0.000424636646142562,0,0,0,0,0,0,0,0,0,0,0,0,0,0,0,0,0,0,0,0,0,0,0,0,0,0,0,0,0,0,0,0,0,0,0,0,0,0,0,0,0
UBA6077,0,0,0,0,0,0,0,0,0,0,0,0,0,9.65083286687641e-05,0,0.00339563185917636,0.00198268289622286,0.00215442131609796,0.00313550393819295,0.00140930138916851,0.00427914274507007,0.00553359683794466,0.00376464026770775,0,0,0,0.000509456791695854,0.000481053068899919,0.000379007001655662,0,0.000659094741037078,0,0,0,0,0,0,0,0,0,0,0,0,0,0.000689593807002714,0.000441779741243294,0.000545807715152585,0.00174536992145835,0,0,0,0,0.000135996269816599,0,0
UBA6099,0,0,0,0,0,0,0,0,0,0,0,0,0,0,0,0,0,0,0,0,0,0,0,0,0,0,0,0,0,0,0,0,0,0,0,0,0,0,0,0,0,0,0,0,0,0,0,0,0,0,0,0,5.82841156356854e-05,0,0.000107926425014262
UBA6911,0,0,0,0,0,0,0,0,0,0,0,0,0,0,0,0.000488970987721395,0.000376458777763835,0.000348509330545259,0.000476596598605328,0,0,0,0,0,0.00142170801058927,0.000375544539582394,0.000254728395847927,0,0,0.000135187331015836,0.0016860563142809,0,0,0,0,0,0,0.000335045789591244,0.000564707715075749,0.000181249716797317,0.000600781015319916,0.000293640100874011,0,0,0,0.000589039654991059,0.000112372176649062,0,0,0,0.00536732640053673,0.0045593419506463,0.00242850481815356,0.00102618676599141,0.000863411400114094
UBA727,0,0,0,0,0,0,0,0,0,0,0,0,0,0,0,0,0,0.000380191996958464,0.000301008378066523,0,0,0,0,0,0,0,0.000297183128489248,0.000393588874554479,0.000239372843150945,0,0,0,0,0,0,0,8.91360929867722e-05,0,0.000253144837792577,0.000792967510988264,0.000565440955595215,8.63647355511797e-05,0.000460804510462973,0,0,0.00021037130535395,0,0,0,0,0,0.000493537015276146,0.000835405657444824,0.000209038044924176,0
UBA7883,0,0,0,0,0,0,0,0,0,0,0,0,0,0,0,0,0,0,0,0,0,0,0,0,0,0,0,0,3.98954738584908e-05,0,0,0,0,0,0,0,0,6.70091579182488e-05,9.73633991509912e-05,0,0,0,0,0,0,0,0,0,0,0,0,0,0,0,9.25083642979386e-05
UBA796,0,0,0,0,0,0,0,0,0,0,0,0,0,0,0,0.00111376724980984,0.000602334044422136,0.00161581598707347,0.00122911754377163,0.00331073977138,0.00228220946403737,0.000837014647756336,0.000650678564788994,0,0,0,0.000233501029527267,0,0.000379007001655662,0.000115874855156431,0,0,0,0,0,0,0,0,0,0,0,0,0,0,0,0,0,0,0,0,0,0,0,0,0
UBA8108,0,0,0,0,0,0,0,0,0,0,0,0,0,0,0,0.000190155384113876,0.000376458777763835,0,0,0,0,0,0.000278862242052426,0.000380879832412874,0,0,0,0,0,0,0,0,0,0,0,0,0,0,0,0,0,0,0,0,0,0,0,0,0,0,0,0,0,0,0
UBA8468,0,0,0,0,0,0,0,0,0,0,0,0,0,0,0,0,0,0,0,0,0,0,0,0,0,0,0,0,0,0,0,0,0,0,0,0,0,0,0,0,0,5.18188413307078e-05,0,0,0,0,0,0,0,0,0,0,0,0,0
UBA8742,0,0,0,0,0,0,0,0,0,0,0,0,0,0,0,0.000162990329240465,0.000150583511105534,0.000190095998479232,0.000150504189033261,0,0,0,0,0,0,0,0,4.37320971727199e-05,0,0,0,0,0,0,0,0,0,0,0,0,0,0,0,0,0,0,0,0,0,0,0,0,0,0,0
UBA9042,0,0,0,0,0,0,0,0,0,0,0,0,0,0,0,0,0,0,0,0,0,0,0,0,0,0,0,0,0,0,0,0,0,0,0,0,0,0,0,0,0,0,0,0,0,8.41485221415799e-05,0,0,0,0,0,0,0,0,0
UBA9160,0,0,0,0,0,0,0,0,0,0,0,0,0,0,0,0.00260784526784744,0.00336303174802359,0.0029464879764281,0.00295991571765414,0.013914054985124,0.0105908782940484,0.00655661474075796,0.0028815765012084,0,0,0.000375544539582394,0.00125241461291898,0.000677847506177159,0.000159581895433963,0.000637311703360371,0.000996306003893257,0,0,0,0,0,0,0,0,0,0,0,0.000758972134880191,0.00225010017569275,0.00182408684432976,0.00784684968970233,0.00662995842229464,0.00208474740618637,0,0,0,0.000164512338425382,0.000135996269816599,0.000228041503553647,0
UBA9217,0,0,0,0,0,0,0,0,0,0,0,7.4475413804018e-05,0,0,0,0,0,0,0,0,0,0,0,0,0,0,0,0,0,0,0.0038472739534955,0.00101395056116919,0.00166455822624675,0.00125104253544621,0,0.000207962659149202,0.001408350269191,0.00647755193209739,0.0168438680531215,0.0112374824414337,0.00655558107893202,0.00739282136318099,0,0.00154116450389915,0.00155714730613516,0,0,0,0,0,0.00742799635788566,0.0160047003525264,0.00423531240285981,0.001292235186804,0.00143387964661805
Vampirovibrionia,0,0,0,0,0,0,0,0,0,0,0,9.30942672550224e-05,0.000139375250439903,0,0.000141491318496958,0,0,0,0,0,0,0,0,0,0,0,0.000976458850750387,0.000415454923140839,0.000538588897089625,0.000328312089609888,0.00110360049662022,0.00020978287472466,0,0.000245302457930629,0,0,0,0.000111681929863748,0.000681543794056938,0.00126874801758122,0.00141360238898804,0.000466369571976371,0.00311720698254364,0.0025275097863946,0.00318102949681897,0,0,0,0,0,0.00138975415728183,0.00474735605170388,0.00419645632576935,0.000950172931473528,0.000925083642979386
Verrucomicrobiae,0.0283418553688824,0.00145145983364037,0.00127680077089858,0.00215698962684079,0.000137276435519297,0,0,0.00109420073609868,0.0181989141314568,0.110751367645417,0.109314689388974,0.0350220633413394,0.0150176832348996,0.0106352178192978,0.0124916621187314,0.0653862870802999,0.0465804994353118,0.0479041916167665,0.0464305423167611,0.0025501644184954,0.00156901900652569,0.00320855614973262,0.0179866146123815,0.148670094585158,0.206441808020394,0.152358419708577,0.0529835063363688,0.0225657621411235,0.0166962558097784,0.0198725376593279,0.0590119709998314,0.0774098807733996,0.0769691723816499,0.0650296815974096,0.00372007868648112,0.00854957598724496,0.0214996256284094,0.0519991065445611,0.070627409744129,0.0499569531922606,0.0292969095117771,0.0397105054064324,0.064024720806679,0.0742841290879389,0.0846643235307203,0.00239823288103503,0.00136451928788146,0,0.00676405655502842,0.0755487493619193,0.174342262903148,0.112009400705053,0.047365557973267,0.02907529170309,0.0234046161673785
Verrucomicrobiota Phylum,0,0,0,0,0,0,0,0,0,0,0,0,0,0,0,0,0,0,0,0,0,0,0,0,0,0,0,0,0,0,0.000137950062077528,0,0,0,0,0,0,0,7.78907193207929e-05,0.000113281072998323,0,0,0,0,0,0,0,0,0,0,0,0,0,0,0
Vicinamibacteria,0.00300532192424084,0.00108859487523028,0.00144543483497952,0.00115693079985097,0.000843269532475682,0,0.00220115137148662,0.00203919228091117,0.00315447844945252,0.00208403111160731,0.00160221396839269,0.00204807387961049,0.000696876252199516,0.000849273292285124,0.00109150445697653,0.133217429099207,0.122625172543606,0.0897253112821975,0.114157427381729,0.117218083797508,0.152444460293121,0.231899558242269,0.266034578918015,0.212530946486384,0.093832728698892,0.0772870662460568,0.0656137892971619,0.0493516716594144,0.0405138537032974,0.0484163769795288,0.0514093898008921,0.00157337156043495,0.0050269658432652,0.00417014178482068,0.0141207175272189,0.0148346696859764,0.00609690876029522,0.00303774849229395,0.00251197569809557,0.00260546467896144,0.00328662555439719,0.00549279718105503,0.0310365390870649,0.034244675276639,0.0275615073185923,0.0349216366887556,0.056234247828809,0.158877145350528,0.126920005636714,0.0592138846350179,0.0263574064312072,0.0164982373678026,0.0193114703139571,0.0180722891566265,0.0207835458456035
WOR-1,0,0,0,0,0,0,0,0,0,0,0,0,0,0,0,0,0,0,0,0,0,0,0,0,0,0,0,0,0,0,0,0,0,0,0,0,0,0,0.000272617517622775,0.000362499433594635,0.000229710388210556,0,0,0,0,0,0,0,0,0,0,0,0,0,0
WTBG01,0,0,0,0,0,0,0,0,0,0,0,0,0,0,0,0,0,0,0,0,0,0,0,0,0,0,0,0,0,0,0.000107294492726966,0,0,0,0,0,0,0,0,0,0,0,0,0,0,0,0,0,0,0,0,7.05052878965922e-05,0.00050512900217594,0.000646117593401999,0.000462541821489693
WWE3,0,0,0,0,0,0,0,0,0,0,0,0,0,0,0,0,0,0,0,0,0,0,0,0,0,0,0,0,0,0,0,0,0,0,0,0,0,0,0,0,0,0,0,0,0,0,0,0,0,0,0,0,5.82841156356854e-05,0,0
WYAZ01,0,0,0,0,0,0,0,0,0,0,0,0,0,0,0,0.000271650548734108,0.000527042288869369,0,0.000275924346560979,0,0,0,0,0,0,0,0,0,0,0.000270374662031672,0,0,0,0,0,0,0,0,0,0,0,0,0,0,0,0,0.000112372176649062,0,0,0,0,4.70035252643948e-05,0,0,0
Xenobia,0,0,0,0,0,0,0,0,0,0,0,0,0,0,0,0,0,0,0,0,0,0,0,0,0,0,0,0,0,0,0.000214588985453932,0,0,0,0,0,0,0,0,0,0,0,0.00121977664534316,0.00104799186265142,0.00117898296035948,0,0,0,0,0.000835305582625644,0,0.000117508813160987,0,0,0.000138762546446908
XYA12-FULL-58-9,0,0,0,0,0,0,0,0,0,0,0,0,0,0,0,0,0,0,0,0,0,0,0,0,0,0,0,0,0,0,0,0,0,0,0,0,0,0,0,0,0,0,0,0,0,0,0.000128425344741785,0,0,0,0,0,0,0,0
